,PR_predictions_mul
0,213.71549588333224
1,155.97986284495371
2,184.87451878828062
3,317.88520432615314
4,219.18821024498308
5,224.6600809770106
6,158.93143294063134
7,107.24023042900434
8,259.71679543934926
9,192.49571075964184
10,184.3993122052669
11,107.84261971489389
12,105.11939637468643
13,120.3875295537821
14,147.2796344658726
15,156.86783856457106
16,355.7062504445588
17,128.11146668693536
18,155.07385878736198
19,119.67958278386303
20,110.03814671330805
21,494.4705265155091
22,237.81584828188403
23,212.9556612198066
24,322.4617212219726
25,176.00154799844034
26,75.96006197616248
27,197.875748289491
28,135.04954867994007
29,130.7036664515196
30,278.8617941993366
31,149.8447825822626
32,94.66873684365258
33,199.48334530195828
34,132.68153902615074
35,114.18744057496914
36,174.08347998575366
37,240.53164830027907
38,209.56185053331285
39,194.54152045164352
40,146.92444928811952
41,89.21567608877434
42,324.9065839724183
43,90.81227501405274
44,128.87481617087437
45,125.8944670406704
46,246.3836940571391
47,270.71292504139495
48,338.9818173002562
49,159.24498040903848
50,90.13593434920315
51,138.24512233473052
52,265.07841342585573
53,202.101847185456
54,195.86776683265984
55,190.82656747483023
56,83.70841203607071
57,440.95993331864565
58,269.9331372376147
59,208.96698269251868
60,233.00057357062033
61,201.62008598510957
62,157.27593252855962
63,312.2439446496881
64,126.97019255212099
65,103.342651259025
66,420.0193296839105
67,190.85574680722928
68,291.0406756443229
69,212.48396483559978
70,117.18497153610708
71,238.9754765195541
72,353.32118635050324
73,125.81746279469353
74,288.4645549893446
75,107.65933460091402
76,118.33326026911054
77,105.58106955115089
78,230.49836215271216
79,120.80472483258241
80,341.52719541348546
81,160.778312023687
82,328.1447518255519
83,120.06182516461212
84,198.22970647843985
85,193.99471190303117
86,111.8492972675159
87,98.6167210895226
88,74.03695374321181
89,297.91849176526665
90,181.67522091622843
91,339.8796377884446
92,169.50061243296753
93,203.62471985977658
94,103.36115871056016
95,227.6630117767687
96,90.01726181505093
97,150.19432960768347
98,142.92573012371147
99,232.92197809246923
100,217.5578458436186
101,412.6347328746914
102,113.23854183480469
103,127.33252779049288
104,119.02159126931761
105,90.13759236013887
106,118.33326026911054
107,181.9426917466503
108,377.9813563994793
109,140.96774859470017
110,299.0116025591125
111,101.77623013107848
112,396.20024842289763
113,119.56986181741182
114,203.06253840351755
115,286.6946158124474
116,117.46415979055864
117,138.98976238014598
118,125.45147180597154
119,133.21073136566966
120,86.66476457035277
121,155.18444345467734
122,195.86776683265984
123,206.93196997557996
124,201.56938438472483
125,248.74411500999815
126,323.01937444390444
127,199.28856332065942
128,265.3664556589778
129,89.80433463740187
130,143.27554814491901
131,151.4423260714804
132,95.46202721695101
133,116.30856620027035
134,150.97666625718483
135,66.98590185580547
136,99.14773153691918
137,254.03940458804252
138,155.98422262942557
139,393.2089378907585
140,314.17324867416255
141,89.54902003239002
142,115.96928348883449
143,195.88555729295896
144,279.9832269526866
145,383.14918827517516
146,228.22956960570323
147,147.188870698876
148,248.83586604455834
149,135.85275734789514
150,144.14030167116394
151,99.04309251391527
152,471.36083586140967
153,127.53223864923828
154,139.4107533232565
155,332.2144225406007
156,252.4914935416712
157,559.1614210907435
158,136.93171395385545
159,194.8747871398571
160,246.30668518571065
161,115.335798257688
162,246.80667894222245
163,199.1201195732962
164,436.0325313820057
165,156.75822893767963
166,385.2842731302089
167,95.38275608355653
168,286.32050605767
169,86.64503738392992
170,201.58769271686342
171,234.282802275889
172,240.60651389501052
173,462.87953305057897
174,107.73609801214056
175,148.5624660694157
176,120.79828358949403
177,132.8960344283433
178,126.01596924790383
179,181.733826500006
180,117.46415979055864
181,380.3245126473429
182,395.04449610861786
183,128.02733093305605
184,130.24443732057125
185,145.86547767085418
186,81.54938565426211
187,125.40931329770748
188,97.66044866585725
189,345.9845182780716
190,491.15930604829856
191,128.4043563828006
192,213.43411909762304
193,254.6003707439116
194,66.98590185580547
195,115.29890222822762
196,198.22970647843985
197,158.09739390091758
198,190.82656747483023
199,92.43593050683623
200,341.0280088661586
201,101.10055447571601
202,111.19353903035832
203,279.41754690286393
204,163.46671297562003
205,140.63192585591312
206,105.32733808734264
207,245.1314036383114
208,167.47163733848478
209,240.64307080628396
210,257.0181969346135
211,106.71999710743941
212,177.68349716413962
213,129.52515207625527
214,214.0083102746348
215,132.23279865850995
216,203.8027466524312
217,131.1042925535598
218,96.33043951870779
219,264.4076578166512
220,111.8261541775601
221,68.58682800109612
222,146.71482418442102
223,207.5943342840754
224,176.0574909864756
225,207.23920133657808
226,187.52426797322914
227,313.9831024774393
228,84.47700950832335
229,223.90924557377116
230,144.733358685689
231,71.86403612165914
232,424.81374507630727
233,183.03443172193724
234,78.27199891002098
235,203.89691513699404
236,94.09535527959791
237,207.5943342840754
238,169.8493962988038
239,199.5298519280865
240,126.58849949515796
241,126.2326902390194
242,219.4008919949321
243,538.4212631773123
244,393.60550707256635
245,150.10264752166634
246,216.76903361686857
247,177.61182870581175
248,171.9545409214958
249,251.24544484168499
250,130.86557361629008
251,324.26743022644183
252,186.3110225314379
253,120.271488487097
254,272.1531697025057
255,292.76864478018854
256,159.47914544817533
257,239.37723220629002
258,357.4216726526818
259,113.82667783404641
260,127.44135898456915
261,179.15786072006523
262,217.4031994920521
263,160.1364303548952
264,185.47303379742513
265,101.10055447571601
266,242.0855870096639
267,297.27480320409035
268,277.3057881278231
269,126.54683050433623
270,293.77963899808805
271,305.87409566525133
272,212.1336238805149
273,80.29480733111016
274,169.93862475791448
275,66.15363906226334
276,204.57116208614698
277,107.2210284058068
278,116.52856502904207
279,87.15378854476944
280,224.83639205198884
281,207.33749813414263
282,113.25633604144842
283,121.78713841306511
284,185.54111715613809
285,88.8400845444447
286,195.87289347529446
287,111.51511131573733
288,87.15378854476944
289,385.9607812797362
290,164.08353055486975
291,170.57503171233162
292,210.64150205221685
293,302.85748008382336
294,102.165896428134
295,124.29209984382672
296,137.7953641872614
297,264.20585750271465
298,203.62471985977658
299,135.19023374821495
300,227.6630117767687
301,291.74330362838555
302,109.77862786381586
303,307.79523630429867
304,346.9404717523665
305,210.7272987874734
306,326.79845227969946
307,72.90309963425783
308,130.1553673568979
309,88.72086721353874
310,293.54441140721843
311,195.0392935685145
312,106.59823848265258
313,295.49026111460415
314,138.09602740144035
315,81.83249877939893
316,112.79827309719515
317,299.65905180860085
318,214.18181337007155
319,294.5601393435797
320,64.65136749999705
321,270.4544932686566
322,385.5408450561612
323,113.67189172805509
324,280.38243685721864
325,126.62016348114462
326,173.4898654901219
327,113.19510818354233
328,112.67085624967547
329,167.88526799740472
330,117.6190060451082
331,250.3738268591779
332,240.8746280017999
333,355.3785074012957
334,109.75630296690035
335,133.00276471431118
336,199.28701300829974
337,115.54149890159137
338,90.01663386228763
339,116.50349364299576
340,155.0781932481647
341,155.6610611554252
342,549.6031985606829
343,108.78211022732772
344,187.5860689525377
345,146.71482418442102
346,298.73658954480305
347,290.86401307400024
348,140.63290689911213
349,119.73369999995639
350,142.5203850799087
351,80.07981068957481
352,248.54905609666272
353,219.71365881128236
354,186.37367063721658
355,156.11589901387867
356,203.48496039824505
357,129.37947666362686
358,125.74622166080077
359,123.23561964393531
360,154.67678851447255
361,438.8842141751852
362,344.0506898740057
363,136.99538884498622
364,165.05977407832373
365,142.92573012371147
366,94.62895280352946
367,121.81053027913553
368,195.88555729295896
369,145.86547767085418
370,225.93291187578296
371,204.88701633678775
372,181.09555585702554
373,170.6360161623045
374,300.6187576649402
375,113.18987226560539
376,133.33107550128176
377,91.98924077834496
378,179.03035216685012
379,282.68651694607166
380,98.00821286719946
381,106.18526416420917
382,329.6633524937567
383,206.91859201768995
384,227.44831882800995
385,136.92084113712139
386,92.9966008201176
387,96.0698207729107
388,135.92791327819853
389,130.6707982725736
390,114.39493801705537
391,302.95225537768937
392,110.84960824759564
393,149.32610432432142
394,164.62542640013535
395,260.05440451896015
396,112.78655463188795
397,140.00304431963454
398,168.0198631836568
399,266.580463027078
400,77.09591014028462
401,99.14773153691918
402,119.44929569098002
403,381.7439865466391
404,125.8944670406704
405,367.2471884104159
406,116.1982796635592
407,253.8359967639639
408,124.00075845876141
409,262.77478095466637
410,218.20404412986957
411,130.7242051127585
412,134.01799011773375
413,178.54304038715387
414,128.11146668693536
415,291.919981542473
416,111.01832171154416
417,149.9968642377957
418,186.26239075413605
419,135.5737852059575
420,288.64515193036965
421,88.18674664805243
422,140.27276064334978
423,262.05858967003434
424,190.8857377144134
425,320.808360613192
426,420.2090988725715
427,215.93113386731847
428,223.77216858071733
429,394.63603533245
430,295.18046429601566
431,153.7653294051219
432,121.81053027913553
433,156.8924886412141
434,132.80113065469905
435,140.9640187936084
436,134.01799011773375
437,210.83203030463443
438,232.16771645824116
439,270.74198950456713
440,283.85754829187385
441,204.46628310384833
442,223.51227113902755
443,238.21441595973948
444,79.58735259362813
445,120.06266271153687
446,84.39651484347696
447,149.53420681009098
448,355.5745080433783
449,126.75542117572813
450,93.81003394855072
451,201.72052858899303
452,160.9140354094814
453,102.15304974144952
454,111.2384069289459
455,136.86449843705464
456,132.29001481523898
457,317.93515653255866
458,282.47793237114223
459,352.74574997686386
460,174.6519913223076
461,151.5080662639513
462,84.8872206604292
463,105.11939637468643
464,139.4107533232565
465,295.87981504455865
466,114.31960730349327
467,81.71240906249272
468,218.45736178618813
469,193.6112368009325
470,261.9723281453993
471,282.3091651911156
472,198.68798049600466
473,100.78210140687227
474,225.62738792988748
475,118.6418330535214
476,165.51875483625795
477,112.91108917702223
478,199.6296079453497
479,73.15619564723235
480,102.15304974144952
481,93.82521875730248
482,345.8649130309715
483,170.68773513788108
484,81.66238481583518
485,137.47398001741877
486,80.5460999658473
487,220.0202732802879
488,201.1963974883212
489,168.86283149858224
490,307.6277457810656
491,123.28290590049353
492,257.90573703027826
493,81.66238481583518
494,315.9237138359984
495,192.42562629820267
496,331.2948388546376
497,388.4664923328884
498,109.1035341842988
499,405.8779055479884
500,171.9545409214958
501,108.6592300344744
502,116.21653896084871
503,202.79408081809495
504,94.64575855474773
505,254.7295012566732
506,109.11878698233303
507,105.50859383202332
508,136.86811976794516
509,190.620764377642
510,164.0412832119493
511,198.3562200773731
512,128.48390947599194
513,132.0323318782542
514,127.87820881778919
515,95.51225384048367
516,175.66895614692385
517,156.51441265011837
518,133.0262563728795
519,159.42623852550906
520,235.67153662273225
521,100.14703595440307
522,143.83765753017997
523,454.86929175387996
524,291.74330362838555
525,60.45429707876129
526,238.48431924618777
527,270.4544932686566
528,471.83673842629855
529,116.58870768766613
530,116.50349364299576
531,133.57358528466384
532,184.0712810764648
533,150.616774940142
534,159.29852740932776
535,158.51612750882583
536,137.9877359508475
537,85.9451790813468
538,87.96731368179508
539,278.05029304875643
540,143.44639301661965
541,104.20789900225229
542,254.64939947135997
543,106.10218457230566
544,359.4039848273896
545,207.92211812263787
546,202.33346046176334
547,72.70478998221519
548,393.2089378907585
549,217.1884591690227
550,93.47716621655557
551,192.94329937370983
552,253.12449508507723
553,146.0502484253045
554,317.76327662483857
555,228.6996072730156
556,72.73127021849129
557,540.2805496602452
558,184.09930073416038
559,395.48481728895916
560,298.500245456509
561,324.35010546200385
562,312.09530633232464
563,265.07841342585573
564,337.9120412146648
565,137.3480273833455
566,453.6566473246474
567,315.0381804378199
568,168.7804256225938
569,189.1213131065736
570,247.39051085447966
571,107.10736256890208
572,349.0834552324446
573,209.13260486606745
574,311.50388890518326
575,161.77654392666258
576,170.40408022005016
577,171.62959673894662
578,230.68236476727742
579,112.01641117533913
580,158.19480198951618
581,114.31960730349327
582,459.1067619712892
583,183.80068104337897
584,146.29873306643927
585,177.7769839921508
586,106.41435908439452
587,98.41657144553673
588,334.8415337615667
589,146.54639956870562
590,108.80247885061507
591,187.46254082556413
592,174.93660729118602
593,156.52602759531433
594,191.01300748611212
595,309.7005623260534
596,206.7865042543421
597,144.0006294323044
598,133.8998922153087
599,102.16660913371099
600,206.99630035704254
601,62.07206305460393
602,120.37879919893749
603,201.30770200920136
604,183.42932887510196
605,150.05323840577634
606,105.20348463984841
607,371.4212910432611
608,157.8421509439127
609,249.11780371722625
610,222.04855756845038
611,254.7007436602306
612,222.67270862681087
613,182.83054614421664
614,81.12348957642982
615,410.78069238963195
616,322.11170488683865
617,120.79828358949403
618,258.330850252226
619,241.97582960203638
620,139.4107533232565
621,104.67476676131086
622,180.4436704036849
623,337.9120412146648
624,216.37433354770903
625,65.9971589897447
626,371.18966890296787
627,276.85462094911924
628,82.90581730767221
629,247.78463877547094
630,113.45728612437162
631,168.51607353270452
632,59.95579736900562
633,108.22202033984496
634,117.81123703481575
635,107.07505894394458
636,129.55841745056406
637,317.88520432615314
638,191.58260406563974
639,93.09673779676868
640,81.25164586202959
641,130.7242051127585
642,390.26885798279136
643,224.7203255631015
644,160.79080826965324
645,135.32369443083107
646,110.54767490596402
647,163.39121692102285
648,114.2053838907412
649,164.54403260430928
650,182.33028363951024
651,192.49571075964184
652,349.0477954323045
653,130.8701443716581
654,61.20956479198267
655,148.11198644226914
656,111.60460367599079
657,223.69655176524373
658,129.98707223640815
659,369.074990878291
660,277.14011105891177
661,124.7252209257858
662,237.08810259565857
663,428.5379028277095
664,91.92440420875069
665,221.21850795122026
666,60.61062662331283
667,184.87935769365745
668,100.93769828509761
669,186.3110225314379
670,148.92827774045483
671,281.3787012322321
672,98.34210758781357
673,277.31864014727444
674,198.97979173444085
675,140.2503598884525
676,173.57885542164274
677,282.01504965232715
678,160.17506967450223
679,83.2609843493022
680,115.29890222822762
681,171.04688873835494
682,425.5714351486794
683,123.43130961373508
684,385.9607812797362
685,146.65116380634313
686,151.62622327639522
687,136.55290617557517
688,172.95579901323717
689,113.21510130803689
690,195.2721361677076
691,221.6556690937661
692,85.21354071823802
693,359.4039848273896
694,124.22305729678631
695,216.2258042186228
696,322.5022737528152
697,369.37138512282627
698,140.2400529632949
699,95.38275608355653
700,161.9712849546966
701,203.10796276174753
702,183.8647846179763
703,131.0882235977008
704,94.09535527959791
705,202.79408081809495
706,171.83650338821894
707,95.46202721695101
708,116.93809807777127
709,167.54051744741702
710,426.36113614266486
711,206.99630035704254
712,110.49089236471194
713,331.4277888157535
714,114.31960730349327
715,244.2227678874476
716,289.5019827306308
717,136.55290617557517
718,129.55841745056406
719,66.54588932183589
720,250.72250715520514
721,99.04309251391527
722,87.66052595078263
723,63.51120409338015
724,219.18821024498308
725,115.06805796845352
726,92.16798181265791
727,320.6290295835144
728,158.0511085472022
729,148.8568791192587
730,343.02043210371295
731,156.17744569592787
732,100.35336889487185
733,225.2779887481954
734,118.98674593559176
735,230.49836215271216
736,120.37879919893749
737,180.284858009888
738,190.82656747483023
739,182.02554175698737
740,187.2389569847123
741,438.7244237899177
742,220.55234871381694
743,156.67038161663405
744,224.7203255631015
745,185.63517440578076
746,149.32610432432142
747,149.43147036453706
748,170.83839653985703
749,101.87259034648648
750,193.57656951753074
751,432.9491710724817
752,267.4487044906712
753,177.68349716413962
754,274.834936022532
755,206.93196997557996
756,94.0979853336404
757,146.28087513705515
758,116.21653896084871
759,100.11220059362208
760,140.2503598884525
761,106.81601111870582
762,107.48801694773715
763,72.81951748671722
764,124.31163099702746
765,256.17395979204997
766,297.86285673026794
767,175.09713447862222
768,434.9968202098051
769,106.59823848265258
770,197.47595875792018
771,232.7270038722753
772,142.8826770196034
773,229.06429963877704
774,119.51129878875403
775,124.31163099702746
776,161.9074550262983
777,320.9272633113209
778,113.20126723419554
779,78.27199891002098
780,122.5029465421492
781,163.4664229686562
782,133.9943233247885
783,113.89790800042896
784,107.73027653894549
785,116.21653896084871
786,175.62877578698698
787,222.86651423642618
788,158.50330438701664
789,131.6275785846468
790,141.0858486707439
791,113.46333592854398
792,239.94550659903194
793,132.2501277543698
794,93.62625486980649
795,262.9566527181307
796,297.8420245818262
797,146.2578922982031
798,142.8826770196034
799,174.08347998575366
800,141.50210595588374
801,321.65589513470167
802,189.5882630241509
803,101.49266421748791
804,362.5002897820032
805,287.1784629308784
806,102.40455632574879
807,234.35729092404284
808,161.9032173717302
809,225.7431212941645
810,351.5161658847148
811,364.1532950790276
812,206.8063622214042
813,214.88916184315863
814,323.3274598705713
815,241.3574094797633
816,248.50499273236116
817,107.48801694773715
818,249.18828365452023
819,168.61930208336662
820,153.9155601100411
821,107.87756897343395
822,343.8510361883771
823,254.6003707439116
824,116.04894484069511
825,96.78343520438224
826,205.08816319059315
827,151.69998459963907
828,107.65735429115173
829,157.4034809413167
830,267.09450501622007
831,157.88000585897723
832,154.10622065253426
833,133.04636103699985
834,110.67794041544143
835,357.75559967481723
836,149.79414721797204
837,273.7431983376673
838,200.44898214732717
839,296.19381238324416
840,125.00665276881632
841,108.47256173627234
842,121.51051478151666
843,252.1824159062362
844,173.9662765812512
845,126.96342256960311
846,277.7945589950725
847,100.69991104516129
848,137.1157138849502
849,264.20585750271465
850,105.59446366510755
851,187.5860689525377
852,156.82002885002643
853,400.53689405453684
854,312.2439446496881
855,92.29013351547646
856,224.00884746855024
857,332.95541537243315
858,76.59162840526163
859,120.35158074517848
860,315.086606112097
861,326.16620648687314
862,215.93113386731847
863,138.31810473706042
864,254.7007436602306
865,166.4690710256044
866,142.61696265560062
867,169.50061243296753
868,136.16182895091484
869,264.39889295508897
870,198.88922489616672
871,255.83469218520474
872,291.919981542473
873,274.77324945493865
874,105.03596062787048
875,129.7780794285745
876,203.66284704081883
877,122.52219654934567
878,214.95991995283904
879,126.2326902390194
880,247.47851883936875
881,151.8788899910126
882,159.29852740932776
883,418.63069870282726
884,234.1921094020042
885,206.00697221527926
886,120.76633863703887
887,119.7658076497277
888,144.8391172946329
889,126.12016112311832
890,258.5147642716927
891,142.4734718086282
892,140.21920654015494
893,200.34940844411264
894,142.22871321321924
895,378.60372087423974
896,190.78053403938267
897,140.79613043337318
898,93.28284523791024
899,354.63418077830823
900,422.65589532362645
901,133.68308155186975
902,126.0182872563274
903,145.04563398785416
904,147.78214252845416
905,201.62008598510957
906,121.81053027913553
907,87.57387651255824
908,137.5709317045552
909,414.72405861352127
910,94.66873684365258
911,206.99630035704254
912,86.15896682545369
913,170.55225625249258
914,165.80359280625936
915,297.9169428786943
916,142.8826770196034
917,80.2691209473373
918,143.03719400605925
919,169.966068853077
920,159.8599745030137
921,211.2538743132193
922,204.88701633678775
923,261.43437085297575
924,103.96381954019878
925,121.67857224856519
926,198.71087551015486
927,165.11223916781515
928,130.86557361629008
929,227.5661337579382
930,145.22643679565712
931,83.90617521952261
932,194.6768578865073
933,213.43411909762304
934,128.82222027218137
935,68.35145090885048
936,396.80326648841344
937,90.01663386228763
938,360.87928329806374
939,125.81178727618398
940,160.83125266219486
941,309.8943659492727
942,152.39749705767906
943,123.4370301636117
944,58.19664173365465
945,182.33028363951024
946,243.52376433565868
947,140.96774859470017
948,184.55691841698967
949,139.45434032076076
950,79.81872716407189
951,147.57199138887052
952,165.89662319852795
953,197.0769769638865
954,203.39098217234047
955,160.37064408423544
956,247.5777405209737
957,299.5763011852532
958,117.27396185990216
959,77.51374711585558
960,234.55743479799452
961,337.9120412146648
962,237.75015464705686
963,146.245468150168
964,179.0013776363941
965,162.3886933492788
966,188.35788108786457
967,203.8027466524312
968,209.38655567684194
969,98.63268394537552
970,257.0181969346135
971,337.9120412146648
972,95.55375081059321
973,119.02159126931761
974,155.76036670278452
975,122.95099053923262
976,138.0396088333623
977,316.5914919592715
978,145.4426500533543
979,143.20638614914665
980,383.76969286229144
981,147.20192358660626
982,69.95963691010138
983,124.12792791908822
984,139.98435088202393
985,102.165896428134
986,215.47211436034232
987,349.99469423920283
988,134.94612843088248
989,126.70358845224924
990,306.9386782952959
991,100.52225744550977
992,170.9814683044271
993,280.38243685721864
994,153.28059392161242
995,203.12161844844138
996,187.46254082556413
997,240.67103465801077
998,309.7005623260534
999,152.35266703496518
1000,292.7671226678147
1001,157.4034809413167
1002,184.87935769365745
1003,120.88992075027589
1004,296.2173591102428
1005,106.55464841788566
1006,180.04717591420348
1007,296.2918687435908
1008,87.16696036282465
1009,117.89072248500185
1010,148.4763188691023
1011,153.47475755397917
1012,131.46472866571602
1013,138.59771998814676
1014,92.16798181265791
1015,307.2286234717238
1016,93.3210059875907
1017,128.58384577759324
1018,159.32694667337853
1019,94.960128111957
1020,284.25285931623125
1021,170.93147477645527
1022,320.54896937482425
1023,103.98982434267437
1024,185.41198185215518
1025,142.8203109228024
1026,139.36157519995163
1027,235.6379188678577
1028,136.28654544592865
1029,291.74330362838555
1030,203.41797948780683
1031,142.64149603289917
1032,308.20395749565375
1033,99.56727493635485
1034,115.29275455264545
1035,124.2925684261725
1036,171.73402592781733
1037,118.60046914791371
1038,299.5763011852532
1039,279.41754690286393
1040,108.53664097557
1041,369.97721396244276
1042,518.4739555365577
1043,208.78306631201244
1044,121.88111860407719
1045,461.7800520044194
1046,216.11739063332203
1047,144.52808788864738
1048,100.47487172588126
1049,141.64591919251836
1050,80.5460999658473
1051,134.49617188498146
1052,201.84927009047595
1053,188.55409900654686
1054,119.56986181741182
1055,110.23030573977928
1056,139.65359169643756
1057,203.89691513699404
1058,344.9298001119038
1059,135.7597429760793
1060,388.0231395362338
1061,343.92542678522113
1062,174.60864164536983
1063,223.69655176524373
1064,110.1245035945629
1065,150.2296254106505
1066,157.32771991322105
1067,123.28861957244887
1068,77.3325572576049
1069,227.5661337579382
1070,372.7823329871219
1071,346.0607728337036
1072,225.55902204902148
1073,96.36984699796838
1074,252.1824159062362
1075,138.60369079261545
1076,168.51607353270452
1077,117.91387939436878
1078,149.32610432432142
1079,100.11484948656852
1080,270.620166636039
1081,87.66052595078263
1082,288.4645549893446
1083,292.6311549924694
1084,95.17915298275378
1085,121.0957410134082
1086,141.57555610776666
1087,145.86547767085418
1088,245.9664964666577
1089,95.17915298275378
1090,226.1716944447149
1091,147.50508521858106
1092,200.37233394210702
1093,125.45147180597154
1094,301.4278695284159
1095,183.69938218600782
1096,228.05059768575845
1097,150.10264752166634
1098,125.0834504943852
1099,97.74434472471246
1100,113.54423771701691
1101,262.44233992802657
1102,129.37947666362686
1103,256.0793597769144
1104,134.95261016600898
1105,230.43316843705009
1106,175.78993812942926
1107,221.84686369989979
1108,133.77491082490602
1109,194.81194385479665
1110,111.04036715839067
1111,148.43542339663458
1112,142.5203850799087
1113,194.6182159399329
1114,236.57191344589555
1115,365.833710107041
1116,79.15377252886583
1117,123.79014635488164
1118,203.89691513699404
1119,176.80410139613
1120,106.55464841788566
1121,116.50349364299576
1122,87.66052595078263
1123,146.07206229759024
1124,155.55855610569193
1125,278.9204861914029
1126,134.49958414066998
1127,109.00033429490739
1128,208.80311601143018
1129,151.5978511021958
1130,148.01031553881583
1131,106.45519092099892
1132,375.9264626378377
1133,201.62008598510957
1134,88.73427586897587
1135,209.3064898989171
1136,97.76160885285438
1137,272.5069449790755
1138,94.62895280352946
1139,103.38580276524564
1140,313.34872884375386
1141,224.0904350394701
1142,109.11878698233303
1143,97.73802564444723
1144,288.8506476736745
1145,123.43130961373508
1146,528.4659438151333
1147,204.46628310384833
1148,178.3570305476051
1149,124.12792791908822
1150,142.92573012371147
1151,277.7945589950725
1152,308.6975837177326
1153,124.76629010203686
1154,272.3401942092997
1155,240.0205266199201
1156,110.67794041544143
1157,159.82322202400945
1158,312.10356413757376
1159,230.22848221224595
1160,231.50462697174362
1161,247.78463877547094
1162,250.2847892486645
1163,81.71240906249272
1164,297.91849176526665
1165,239.37723220629002
1166,158.32001102023273
1167,203.8027466524312
1168,497.9788510418198
1169,204.70060607706
1170,94.960128111957
1171,111.38788186516787
1172,141.57914797205478
1173,68.35145090885048
1174,193.51611557674002
1175,324.79104112099566
1176,84.4752376541989
1177,191.01300748611212
1178,273.54524891334955
1179,82.90639565563781
1180,147.35158475919494
1181,283.66269536956753
1182,260.6851793205285
1183,123.79588353541294
1184,181.09555585702554
1185,104.51084987425331
1186,107.73609801214056
1187,142.73644441155304
1188,80.33211538293189
1189,429.8989889365502
1190,113.54423771701691
1191,181.9053520897161
1192,263.83637342334106
1193,310.9522843301535
1194,114.07747776934075
1195,191.50744461074868
1196,107.96853885946005
1197,91.65793830165373
1198,232.92197809246923
1199,140.1544471975352
1200,555.9243807564449
1201,336.998430428074
1202,429.96654289230696
1203,151.69998459963907
1204,195.2721361677076
1205,86.74573253892127
1206,307.7645883053119
1207,320.723494967326
1208,206.93196997557996
1209,123.2753843976994
1210,150.17200349982738
1211,363.60873457497314
1212,196.07694000237376
1213,219.64861706091747
1214,104.51084987425331
1215,117.60052639997795
1216,464.47795740319197
1217,175.03827689554828
1218,251.32584421371277
1219,163.11450310140134
1220,226.04704346906627
1221,434.8851689274362
1222,235.12264083952738
1223,70.37494531805653
1224,102.11886408979954
1225,138.55547858615
1226,251.50014490992461
1227,214.95991995283904
1228,96.33043951870779
1229,94.0232975409879
1230,477.8700244707881
1231,76.20367114591596
1232,387.6168237985195
1233,195.58752492311424
1234,272.3306824875041
1235,137.9877359508475
1236,336.00601317053633
1237,186.18655480350347
1238,289.49717116484123
1239,124.31163099702746
1240,119.8211804561522
1241,162.45365654521387
1242,191.58260406563974
1243,189.5882630241509
1244,149.32610432432142
1245,266.8354073402537
1246,170.40214950714474
1247,264.65012828823797
1248,113.73047866877124
1249,175.62877578698698
1250,204.57116208614698
1251,343.8559677166895
1252,111.38505595357896
1253,148.0591072550476
1254,145.9268030517308
1255,221.84686369989979
1256,99.22554172488361
1257,227.5661337579382
1258,120.40392135767175
1259,263.4977424320022
1260,232.1614138336634
1261,155.95535615500827
1262,120.06182516461212
1263,123.33869097930504
1264,147.5951807241185
1265,131.80916059679933
1266,153.28487825896872
1267,99.66846842725555
1268,188.2672211695718
1269,118.98674593559176
1270,123.57015314679035
1271,202.82832153037307
1272,64.06074451026717
1273,247.1526898213311
1274,529.9328204564949
1275,416.46722082700444
1276,169.39359234367433
1277,235.56035420505071
1278,220.70789031017554
1279,121.78713841306511
1280,157.4034809413167
1281,510.45346761742593
1282,549.6031985606829
1283,143.27554814491901
1284,125.89264536500689
1285,134.49617188498146
1286,130.79287959524038
1287,117.49940875510478
1288,334.0654069110742
1289,168.14418157158966
1290,165.7775426664103
1291,141.79414625863365
1292,145.86547767085418
1293,110.23030573977928
1294,117.18415406371125
1295,399.0039946655437
1296,114.12321490737835
1297,288.27042563316445
1298,185.8155757750255
1299,479.6614929985522
1300,146.1750776673457
1301,102.15304974144952
1302,113.89790800042896
1303,110.37562575350509
1304,137.91313797439102
1305,97.17221062346702
1306,174.60864164536983
1307,226.2487310797314
1308,75.10743490973431
1309,106.99530557684601
1310,116.50349364299576
1311,86.66234227604338
1312,220.92758854950688
1313,158.64333880980223
1314,512.3503891282988
1315,176.2411026195534
1316,105.2056912655217
1317,210.62624575296488
1318,339.9482936364448
1319,196.6788012754311
1320,105.79462081814943
1321,208.1778563067893
1322,91.8243878624529
1323,254.77994672048257
1324,340.92528198586365
1325,152.63652031070137
1326,168.92128986379655
1327,200.93185976089546
1328,298.73658954480305
1329,174.08347998575366
1330,203.92759089854306
1331,88.8400845444447
1332,66.98590185580547
1333,437.41742130084515
1334,191.8745338169526
1335,150.6309712016501
1336,285.5103959899108
1337,359.98623580380695
1338,230.95312126461164
1339,94.9075390770912
1340,160.13531325677528
1341,137.39304801833245
1342,169.8493962988038
1343,158.24136502452166
1344,238.47326695951796
1345,341.8653517787785
1346,150.6309712016501
1347,196.41146683970524
1348,201.85907618681193
1349,121.29530120770863
1350,135.738413159092
1351,273.7431983376673
1352,218.45736178618813
1353,243.45840934994627
1354,369.6386785718442
1355,215.22185691486584
1356,106.55799137707106
1357,182.43089564711718
1358,219.64861706091747
1359,72.87666554502665
1360,228.205068899578
1361,177.14563606202879
1362,127.57661517395965
1363,229.9071076983137
1364,202.61896489978935
1365,279.64247180384734
1366,309.1742073189548
1367,107.3788441642756
1368,95.38275608355653
1369,202.2329506376349
1370,171.9545409214958
1371,75.2832420644002
1372,340.07210819033253
1373,296.2212417056332
1374,363.0977055548875
1375,135.14101325033133
1376,144.01037898907128
1377,146.28711647838142
1378,131.5241749385418
1379,187.2638103441647
1380,265.952434045949
1381,297.0269043772711
1382,89.06117028441196
1383,566.5930677650703
1384,291.919981542473
1385,264.4076578166512
1386,193.43236964665007
1387,355.7062504445588
1388,127.32564743273842
1389,299.65905180860085
1390,133.2186170388947
1391,101.28343621689496
1392,75.10743490973431
1393,136.68253285968012
1394,66.40552582435886
1395,206.93196997557996
1396,312.10356413757376
1397,159.44224268929395
1398,138.0396088333623
1399,130.3293410082876
1400,96.34499823203173
1401,239.8729673919072
1402,158.51612750882583
1403,133.02278636555968
1404,267.7369796330028
1405,314.5712182905005
1406,221.3045130745214
1407,95.15794310119679
1408,338.9818173002562
1409,179.28060885957578
1410,108.36932066403774
1411,266.72353008980343
1412,144.55429426786728
1413,162.129532983752
1414,332.0023514086769
1415,129.98707223640815
1416,156.02719787304295
1417,148.40850031662188
1418,180.62348523549895
1419,183.48850030666247
1420,152.95087446769108
1421,135.9753204209753
1422,290.6359247901173
1423,122.49628140604821
1424,244.71476627702515
1425,333.7067009223782
1426,125.92178310076929
1427,93.47716621655557
1428,354.1813156485204
1429,277.1139919051973
1430,91.03724525559538
1431,169.50061243296753
1432,194.64523482969648
1433,109.58745064453441
1434,105.45513524842333
1435,122.93123663228317
1436,108.80247885061507
1437,301.52774465466393
1438,285.9937314204605
1439,141.3432472703375
1440,114.2053838907412
1441,188.89853808800183
1442,205.08816319059315
1443,144.95682442780134
1444,156.68305645262663
1445,160.09825866360634
1446,297.21663445465083
1447,334.0697855903415
1448,106.12295000288357
1449,131.6569288423028
1450,160.83125266219486
1451,205.0163485584766
1452,177.6250092916865
1453,165.50536523869238
1454,106.97054734308416
1455,395.04449610861786
1456,522.3547951199283
1457,167.12714270438602
1458,313.62531408419756
1459,146.54639956870562
1460,149.12561223675655
1461,122.88269295991243
1462,239.86185074990604
1463,180.2585522956254
1464,152.48354692027127
1465,91.97510294790551
1466,270.83302798724384
1467,281.04454133006413
1468,131.54772936900898
1469,232.96311801609534
1470,124.77294292838425
1471,109.55243442598892
1472,146.2224908742651
1473,135.14101325033133
1474,113.54019088706082
1475,456.5187435854782
1476,483.33112610645395
1477,186.49648125500514
1478,113.21510130803689
1479,106.14660388953428
1480,222.43216478685343
1481,242.17776141349947
1482,170.57503171233162
1483,110.54999362514346
1484,145.4426500533543
1485,242.12996547316138
1486,222.21833666930615
1487,265.03720256845884
1488,267.52943659736087
1489,148.97731643240414
1490,130.6707982725736
1491,193.26212561651778
1492,212.90428954334834
1493,211.05818209608913
1494,301.5435292347046
1495,405.4771147196022
1496,187.45241136870953
1497,277.7945589950725
1498,385.2379280002992
1499,98.58081639450802
1500,251.65422953002334
1501,113.2644585421584
1502,195.78739796184257
1503,156.2971510219357
1504,114.82645535520241
1505,117.91799778457879
1506,130.6707982725736
1507,156.80955213740174
1508,389.1375659592077
1509,262.87697594060126
1510,200.44898214732717
1511,221.49906659704413
1512,372.5010787088666
1513,125.27963385575043
1514,316.79181768353465
1515,136.61103861732906
1516,304.12215117831823
1517,144.04274630694613
1518,109.58745064453441
1519,141.78758747243108
1520,147.57611616539478
1521,145.60909064199686
1522,223.24459370359503
1523,190.82656747483023
1524,132.51172638067638
1525,275.60239348327167
1526,120.06487121150067
1527,155.60833535734093
1528,152.8218676318974
1529,343.3513871566253
1530,175.00557379501873
1531,104.2717340427683
1532,141.78857657748335
1533,150.19432960768347
1534,181.43936563727212
1535,171.48363901984584
1536,80.3257367556352
1537,241.0093303419986
1538,228.38414190704432
1539,133.21245491972115
1540,126.9479085494531
1541,88.72086721353874
1542,128.80839105904857
1543,116.97418998212366
1544,156.8924886412141
1545,137.91679921364965
1546,179.63226735567892
1547,177.7159268500947
1548,121.03629888287782
1549,317.15366358843806
1550,295.60469221586516
1551,240.0205266199201
1552,134.01799011773375
1553,142.34908337941084
1554,383.7259987352124
1555,118.39437857696112
1556,124.77294292838425
1557,169.8493962988038
1558,147.78214252845416
1559,338.3687376872336
1560,145.22643679565712
1561,113.5006868133763
1562,92.95751948638807
1563,159.0506509936642
1564,132.29692835659085
1565,120.271488487097
1566,149.23078108179735
1567,98.06666550099779
1568,119.56986181741182
1569,89.37036189934896
1570,166.48578219123468
1571,66.98590185580547
1572,329.19339123353313
1573,449.5817400086631
1574,182.3400059107578
1575,205.7704999769652
1576,187.64166995062348
1577,117.66413717287836
1578,126.18440992575427
1579,219.87418714294918
1580,281.04454133006413
1581,221.15878086666854
1582,177.14563606202879
1583,247.39051085447966
1584,177.44924462379475
1585,106.45519092099892
1586,144.38289367023947
1587,133.35122623364728
1588,128.60091348930425
1589,101.09586908460068
1590,172.48215514073303
1591,88.72086721353874
1592,75.2832420644002
1593,194.6488152433267
1594,140.82591706733484
1595,208.1368948834521
1596,231.5735699058687
1597,172.68916999365365
1598,126.97019255212099
1599,173.97659761826876
1600,235.7931920794204
1601,134.58726167166324
1602,188.35788108786457
1603,245.9664964666577
1604,134.3560509858526
1605,199.28856332065942
1606,305.39565058519304
1607,151.22948348511557
1608,117.32849566027816
1609,212.55790143404948
1610,106.99530557684601
1611,382.4338472776839
1612,218.45736178618813
1613,264.4076578166512
1614,96.0698207729107
1615,275.6370530221455
1616,161.05049074557058
1617,96.77852447339046
1618,200.04633490254386
1619,265.03720256845884
1620,161.08833775619973
1621,194.6182159399329
1622,247.5777405209737
1623,107.09297522039844
1624,244.2946308383543
1625,226.2487310797314
1626,350.3330996968082
1627,79.12728361540417
1628,90.78510083921267
1629,102.42998006418375
1630,269.0060066593838
1631,332.13582282102715
1632,223.3458548415856
1633,235.56035420505071
1634,227.79709698380938
1635,61.409778570605596
1636,109.26978397381968
1637,94.9075390770912
1638,75.10743490973431
1639,115.96928348883449
1640,143.714655260881
1641,148.5624660694157
1642,129.37257821937317
1643,266.6271084800822
1644,209.13260486606745
1645,145.8266321590117
1646,198.09916936292518
1647,369.2639023225411
1648,148.28859838791294
1649,247.5777405209737
1650,81.66238481583518
1651,186.37367063721658
1652,191.56899648792336
1653,191.01300748611212
1654,259.91583764960825
1655,147.5951807241185
1656,157.32771991322105
1657,103.18632225583299
1658,238.7678543001841
1659,138.6285130809803
1660,219.02971067203038
1661,119.02159126931761
1662,144.04274630694613
1663,334.0654069110742
1664,118.82044227288644
1665,126.79804338307765
1666,111.25588683611834
1667,169.07087653770535
1668,196.83280370819818
1669,291.0213430218067
1670,150.273620238745
1671,208.80311601143018
1672,557.6604844317999
1673,137.47398001741877
1674,213.25223152799842
1675,157.32771991322105
1676,103.36115871056016
1677,317.6029279182761
1678,110.73217491428808
1679,202.79408081809495
1680,171.3672734318248
1681,227.44831882800995
1682,109.41765921043833
1683,105.2056912655217
1684,145.8640841706496
1685,89.35662656451908
1686,142.73644441155304
1687,536.5721182038983
1688,227.5661337579382
1689,181.65143153415437
1690,488.48653818136097
1691,176.00154799844034
1692,307.60169278855113
1693,123.4370301636117
1694,214.26625179083123
1695,92.1408348031195
1696,157.97503580469623
1697,201.28749556089917
1698,135.83591612727338
1699,185.47303379742513
1700,145.85377831663968
1701,471.6944738666324
1702,233.129058988419
1703,181.17311818099304
1704,192.13956872491818
1705,129.19221703828515
1706,329.729850596435
1707,83.19409578361724
1708,153.82030400453738
1709,116.78414824338356
1710,207.62539305514488
1711,114.00235610792197
1712,193.77330774139594
1713,139.16797236782938
1714,97.4034679957671
1715,116.91972541311999
1716,205.66085763485808
1717,313.62531408419756
1718,69.02845500215466
1719,236.57191344589555
1720,106.55688338399548
1721,315.9237138359984
1722,70.59667322732106
1723,72.76235558748522
1724,108.28832387575885
1725,164.02632361955037
1726,176.5409528944401
1727,187.5860689525377
1728,163.11450310140134
1729,184.87935769365745
1730,189.70092711217612
1731,172.5126198600674
1732,215.66192310332707
1733,128.48390947599194
1734,100.02408085070954
1735,230.12799101130034
1736,158.1257072818867
1737,132.51172638067638
1738,141.45079840772732
1739,309.8943659492727
1740,129.37947666362686
1741,211.29095709743044
1742,288.9534049029142
1743,128.66947347448695
1744,188.25751685081835
1745,473.7797660492212
1746,228.9316354049675
1747,121.51051478151666
1748,104.57487049457052
1749,114.12031960036497
1750,243.49666619408197
1751,90.85497616988194
1752,123.33869097930504
1753,190.6617856948806
1754,522.0504618206168
1755,101.83479117553019
1756,103.01382097267114
1757,223.2061137861573
1758,158.55701110654167
1759,95.08772935585328
1760,215.93113386731847
1761,195.87289347529446
1762,348.53740834466646
1763,166.07249734181886
1764,302.7686065092872
1765,147.50508521858106
1766,102.50769213295894
1767,137.7953641872614
1768,213.73042507031653
1769,217.2382844810846
1770,60.45429707876129
1771,192.55915014040139
1772,219.87418714294918
1773,209.13260486606745
1774,167.76446238467128
1775,113.54423771701691
1776,150.16780616782847
1777,141.98975318740892
1778,278.0235940947124
1779,147.57611616539478
1780,364.270118980225
1781,97.73802564444723
1782,245.25350097693328
1783,186.08051813987026
1784,265.28088019761003
1785,232.94624501144764
1786,182.33028363951024
1787,293.31730894027356
1788,187.2638103441647
1789,133.02278636555968
1790,211.06002946205905
1791,167.19704747706655
1792,114.66507405332409
1793,90.01663386228763
1794,74.08347554977182
1795,101.57246907781384
1796,152.9268436755805
1797,170.19920028857004
1798,446.68472504998215
1799,158.335273814906
1800,79.72185637851433
1801,157.54658558776026
1802,107.73609801214056
1803,377.81373772048397
1804,247.52418979617033
1805,305.0369936620101
1806,104.51084987425331
1807,428.06865530280555
1808,313.9831024774393
1809,112.84362020018112
1810,271.42263885068564
1811,200.20996667423015
1812,192.71497081426403
1813,230.95312126461164
1814,154.82682966033548
1815,290.9428445130728
1816,316.9894676422523
1817,158.12681036106855
1818,126.96342256960311
1819,118.33326026911054
1820,109.1012458037304
1821,70.59667322732106
1822,389.1375659592077
1823,111.92905808229476
1824,119.29338094568892
1825,185.92665814356053
1826,108.96064910038747
1827,107.73609801214056
1828,236.60908815201373
1829,193.54608356764712
1830,107.03411530330357
1831,106.37859807998159
1832,438.8842141751852
1833,89.06117028441196
1834,300.34516310428984
1835,162.19926001302247
1836,203.39098217234047
1837,166.14506448378697
1838,166.07689149422185
1839,148.43127460233302
1840,92.95751948638807
1841,176.02982981108102
1842,145.69518948162738
1843,151.42606856403998
1844,149.7419222075634
1845,140.29113061221923
1846,170.9814683044271
1847,277.3057881278231
1848,162.01078714131472
1849,80.52767683999093
1850,341.0375409210688
1851,116.21653896084871
1852,189.36715424420473
1853,215.86929376465721
1854,157.46525587570386
1855,96.4979876830432
1856,191.38133420145058
1857,301.40390861074764
1858,124.49442757788545
1859,127.31974666928238
1860,103.45392866663909
1861,125.45147180597154
1862,239.9587274286074
1863,300.34516310428984
1864,263.58805953847184
1865,156.63558094325057
1866,334.8415337615667
1867,297.9920286140557
1868,135.04954867994007
1869,130.79287959524038
1870,208.1778563067893
1871,137.6641160637384
1872,156.94132150605338
1873,401.3965052503524
1874,332.13582282102715
1875,391.43455454660364
1876,130.5545444583311
1877,184.41252066476164
1878,226.0411270689462
1879,152.87218839437205
1880,183.18672664139532
1881,304.3148044580609
1882,117.91799778457879
1883,102.11886408979954
1884,281.1710568541457
1885,127.68710171052706
1886,247.39051085447966
1887,151.04936894085947
1888,148.43542339663458
1889,214.96986353240212
1890,467.5189366144761
1891,302.7416459525421
1892,277.7945589950725
1893,141.78857657748335
1894,203.23148805139144
1895,379.028350298086
1896,196.72639331776958
1897,185.29473517001801
1898,126.96342256960311
1899,319.22491087253394
1900,93.09673779676868
1901,68.20727898771504
1902,266.9186194394613
1903,172.66988629137686
1904,191.30792818620927
1905,230.46214752993214
1906,139.9493971650772
1907,112.37751862945679
1908,146.41985441890984
1909,107.65932510700061
1910,175.01077585341213
1911,209.33938013993213
1912,150.16780616782847
1913,212.4513081657487
1914,164.1392874023941
1915,408.3554709542965
1916,156.48638778136888
1917,155.57744158984198
1918,236.37379567261794
1919,310.607221918976
1920,145.9268030517308
1921,101.32300610787185
1922,196.41146683970524
1923,136.5347830878561
1924,495.76513708903406
1925,118.354581198247
1926,238.21886575792152
1927,156.98340670834466
1928,158.1257072818867
1929,114.91044276527924
1930,210.0358609006138
1931,123.28861957244887
1932,145.01966267450118
1933,296.27530616291307
1934,157.4034809413167
1935,226.2487310797314
1936,383.0330927426251
1937,172.5126198600674
1938,209.96154071804898
1939,320.723494967326
1940,183.62270913399192
1941,76.6107579060241
1942,132.68153902615074
1943,350.92852027101696
1944,193.62034837671678
1945,163.9068601405332
1946,114.82645535520241
1947,155.71625359103476
1948,313.519891296824
1949,197.01342351593172
1950,602.5042229787595
1951,191.38133420145058
1952,549.4957043320642
1953,370.7812897840088
1954,145.94248301323177
1955,105.33206247027503
1956,335.9492899026323
1957,263.8319884237756
1958,209.99453389318387
1959,118.60046914791371
1960,194.74776228215399
1961,184.1565329648527
1962,194.9418313566889
1963,140.29113061221923
1964,110.27555423531265
1965,139.1804056246547
1966,156.98756037029855
1967,111.92905808229476
1968,301.10420841378755
1969,247.99925221842085
1970,63.17061329626636
1971,123.29174748521821
1972,148.01031553881583
1973,256.0793597769144
1974,216.07342132594584
1975,189.0956547002824
1976,142.6131892187093
1977,262.21775664135185
1978,135.85275734789514
1979,117.6190060451082
1980,338.9673112423996
1981,179.0013776363941
1982,208.71434143014255
1983,149.7419222075634
1984,192.42562629820267
1985,223.9888363217281
1986,101.55969701069907
1987,112.4914413383106
1988,248.50132601767186
1989,296.37863715212467
1990,154.93995004073
1991,136.86449843705464
1992,354.1273785159054
1993,135.5291585389699
1994,103.10730270151869
1995,102.40455632574879
1996,101.57246907781384
1997,94.62895280352946
1998,179.80180943368686
1999,155.972925036331
2000,565.8030964714486
2001,94.960128111957
2002,122.23004629265056
2003,185.4168348250894
2004,118.8784894408144
2005,193.51820380926506
2006,187.88684477270593
2007,228.05059768575845
2008,186.65951656158182
2009,162.99286376954535
2010,146.92444928811952
2011,98.34195810630892
2012,269.2990115848131
2013,255.24624699497107
2014,444.5467173025537
2015,207.09165437508423
2016,149.2984700027365
2017,163.4664229686562
2018,334.00444649842774
2019,84.91873031678921
2020,240.19106782972844
2021,308.20395749565375
2022,198.66090549177602
2023,102.15304974144952
2024,349.23540119779057
2025,333.9598496733185
2026,87.96731368179508
2027,95.78724758343253
2028,158.15512901017902
2029,471.2056785570608
2030,132.78150044514655
2031,253.30963770489785
2032,170.95574845588726
2033,116.58870768766613
2034,302.7416459525421
2035,231.29097665652176
2036,120.43340161503467
2037,318.86058277785816
2038,79.65036761815418
2039,138.6285130809803
2040,209.35291460962347
2041,127.64926613647958
2042,296.0101801077969
2043,145.86547767085418
2044,165.5981664612645
2045,83.01511460507365
2046,75.10743490973431
2047,137.9877359508475
2048,102.29173928396166
2049,138.24512233473052
2050,148.13285391780175
2051,370.62425948226644
2052,314.13241522664066
2053,282.90886931068854
2054,116.93809807777127
2055,63.14230129040529
2056,125.07351846772457
2057,206.36528149121966
2058,240.53164830027907
2059,111.56569326662645
2060,135.80424299512515
2061,235.7931920794204
2062,220.82229625552856
2063,91.98924077834496
2064,99.11761854747148
2065,181.9053520897161
2066,213.59957953994228
2067,346.00640168663733
2068,210.64150205221685
2069,392.7107855923785
2070,337.47017463061434
2071,237.99145392020384
2072,461.1225672755544
2073,301.09025407901424
2074,209.92964474286404
2075,137.39592981476844
2076,287.8588550885882
2077,171.54869135383393
2078,146.1750776673457
2079,80.52767683999093
2080,262.44233992802657
2081,79.63610572967654
2082,238.21886575792152
2083,89.23671606947153
2084,391.43455454660364
2085,246.55875647306337
2086,202.1737439459733
2087,138.36558018685676
2088,96.34499823203173
2089,263.38825411844846
2090,155.90914471499548
2091,187.64783677520316
2092,98.63725517766446
2093,331.0214544634893
2094,254.35364004841557
2095,101.26644816382327
2096,116.93809807777127
2097,128.48390947599194
2098,163.43173505767095
2099,160.17223318380837
2100,220.09773468817136
2101,371.4212910432611
2102,153.28487825896872
2103,202.79408081809495
2104,139.7530554310111
2105,102.37084793569235
2106,200.44898214732717
2107,277.14011105891177
2108,63.17061329626636
2109,198.2245181501998
2110,259.82846889824464
2111,276.7455175939358
2112,323.01937444390444
2113,117.17484926649165
2114,222.25773904676134
2115,182.33028363951024
2116,79.06523397874602
2117,389.5487241332594
2118,154.81479691936954
2119,124.2141489253159
2120,147.35158475919494
2121,192.04779516206384
2122,210.64150205221685
2123,163.55747137705004
2124,155.0781932481647
2125,278.05029304875643
2126,362.76864027142267
2127,258.83025723251893
2128,169.70583528193845
2129,137.39592981476844
2130,79.63610572967654
2131,128.48390947599194
2132,169.85815171377655
2133,535.5100105503556
2134,110.49089236471194
2135,178.64478187254326
2136,347.36104803746326
2137,77.54633555664445
2138,125.8944670406704
2139,322.8682511334719
2140,118.35144970859375
2141,253.21499284405436
2142,263.4977424320022
2143,499.61164848749985
2144,108.68876813869697
2145,139.17396773883104
2146,269.1693932951743
2147,96.77852447339046
2148,150.655457183052
2149,223.17804709159344
2150,155.18444345467734
2151,367.12684970436106
2152,161.4929836384751
2153,133.52702727036365
2154,128.82222027218137
2155,316.2365481930546
2156,107.03607470990612
2157,275.6950663035117
2158,116.97418998212366
2159,319.00660326723465
2160,187.69132122894143
2161,107.03411530330357
2162,68.18844359856523
2163,371.79101322934883
2164,450.31961700922545
2165,392.2146571510779
2166,261.9723281453993
2167,132.44482095148587
2168,138.6470254607142
2169,165.5981664612645
2170,219.266575010964
2171,134.1898253950897
2172,182.96455183364168
2173,107.07505894394458
2174,117.4058090757782
2175,457.5987170722082
2176,183.02517531793308
2177,99.494721328086
