,predictions
0,223.989561665303
1,253.15348222263998
2,179.40991027798032
3,268.5655721331876
4,209.13089150934147
5,179.40991027798032
6,133.73070122036165
7,94.37944911070866
8,201.69973597164164
9,246.8291661941123
10,186.84106581568014
11,118.87203106440013
12,157.12372550375704
13,67.9717045679879
14,82.83037472394942
15,223.989561665303
16,290.85175690741085
17,237.74503323153044
18,253.15348222263998
19,209.13089150934147
20,119.97522965413424
21,343.9621215027293
22,201.69973597164164
23,246.8291661941123
24,254.25668081237407
25,209.13089150934147
26,89.70811050706314
27,157.12372550375704
28,126.85296543724793
29,209.13089150934147
30,292.508375251731
31,157.12372550375704
32,157.12372550375704
33,140.60843700347536
34,245.17254784979212
35,171.9823956597186
36,246.27574643952624
37,285.07721971403123
38,233.07369462788492
39,232.52027487329886
40,134.28412097494774
41,126.85296543724793
42,247.37894502926034
43,157.12372550375704
44,86.94829357300885
45,237.74503323153044
46,233.62347346303295
47,171.9823956597186
48,247.37894502926034
49,238.84823182126453
50,81.17375637962924
51,230.86729744841674
52,233.62347346303295
53,239.95143041099863
54,179.40991027798032
55,246.8291661941123
56,118.32225222925211
57,312.58816284648606
58,247.37894502926034
59,186.84106581568014
60,209.13089150934147
61,269.6687707229217
62,179.40991027798032
63,233.62347346303295
64,141.16185675806145
65,141.71163559320948
66,330.20664993650183
67,209.13089150934147
68,240.50120924614666
69,277.6497050957695
70,140.60843700347536
71,171.9823956597186
72,315.34797978054036
73,157.12372550375704
74,276.5465065060354
75,80.62397754448122
76,102.9101623187045
77,58.887571605405995
78,269.1153509683356
79,133.73070122036165
80,149.6925699660573
81,216.5584061276032
82,290.85175690741085
83,127.406385191834
84,223.989561665303
85,164.5512401220188
86,164.5512401220188
87,164.5512401220188
88,95.48264770044277
89,291.95495549714497
90,179.40991027798032
91,307.3670454076925
92,231.97049603815083
93,278.1994839309175
94,141.16185675806145
95,141.16185675806145
96,126.85296543724793
97,253.15348222263998
98,245.7259676043782
99,277.6497050957695
100,134.83389981009574
101,320.5690972193339
102,157.12372550375704
103,186.84106581568014
104,126.85296543724793
105,57.78437301567189
106,102.9101623187045
107,157.12372550375704
108,322.7754943988021
109,117.76883247466603
110,201.69973597164164
111,149.6925699660573
112,290.30197807226284
113,142.26505534779557
114,261.68783635007384
115,269.1153509683356
116,111.4445164461384
117,157.12372550375704
118,179.40991027798032
119,164.5512401220188
120,119.42545081898622
121,245.7259676043782
122,179.40991027798032
123,246.8291661941123
124,179.40991027798032
125,216.5584061276032
126,247.37894502926034
127,269.6687707229217
128,247.37894502926034
129,133.18092238521362
130,209.13089150934147
131,179.40991027798032
132,171.9823956597186
133,102.36038348355648
134,171.9823956597186
135,88.60491191732905
136,149.6925699660573
137,247.37894502926034
138,231.41707628356474
139,321.12251697391997
140,299.3861110348447
141,89.70811050706314
142,125.74976684751383
143,246.8291661941123
144,269.1153509683356
145,275.9930867514493
146,201.69973597164164
147,79.52077895474712
148,240.50120924614666
149,230.86729744841674
150,194.26858043394188
151,52.00983582229228
152,312.03838401133805
153,157.12372550375704
154,125.74976684751383
155,306.81362565310644
156,179.40991027798032
157,350.839857285843
158,171.9823956597186
159,186.84106581568014
160,261.68783635007384
161,72.08962341704733
162,284.5274408788832
163,232.52027487329886
164,312.58816284648606
165,179.40991027798032
166,321.12251697391997
167,96.03242653559079
168,254.25668081237407
169,43.475481694858374
170,246.8291661941123
171,277.6497050957695
172,179.40991027798032
173,320.01931838418585
174,171.9823956597186
175,126.30318660209991
176,179.40991027798032
177,111.4445164461384
178,149.6925699660573
179,149.6925699660573
180,111.4445164461384
181,306.2638468179584
182,313.6913614362202
183,201.69973597164164
184,110.34131785640429
185,245.7259676043782
186,96.03242653559079
187,73.74624176136751
188,102.9101623187045
189,315.89775861568836
190,312.03838401133805
191,82.83037472394942
192,269.6687707229217
193,277.09628534118343
194,88.60491191732905
195,104.01336090843859
196,223.989561665303
197,141.71163559320948
198,246.8291661941123
199,134.28412097494774
200,283.4242422891491
201,12.1051639580532
202,132.62750263062753
203,283.9740211242971
204,238.84823182126453
205,126.30318660209991
206,88.60491191732905
207,223.989561665303
208,132.07772379547953
209,261.68783635007384
210,284.5274408788832
211,201.69973597164164
212,157.12372550375704
213,201.69973597164164
214,269.6687707229217
215,209.13089150934147
216,157.12372550375704
217,80.07055778989513
218,105.11655949817269
219,277.09628534118343
220,88.05149216274296
221,95.48264770044277
222,245.7259676043782
223,164.5512401220188
224,239.39801065641257
225,261.68783635007384
226,246.8291661941123
227,276.5465065060354
228,81.72717613421533
229,179.40991027798032
230,179.40991027798032
231,103.46358207329057
232,320.5690972193339
233,164.5512401220188
234,141.16185675806145
235,209.13089150934147
236,141.16185675806145
237,164.5512401220188
238,253.70690197722604
239,254.25668081237407
240,209.13089150934147
241,141.16185675806145
242,179.40991027798032
243,350.839857285843
244,322.2257155636541
245,171.9823956597186
246,141.16185675806145
247,117.76883247466603
248,209.13089150934147
249,233.62347346303295
250,171.9823956597186
251,216.5584061276032
252,232.52027487329886
253,118.32225222925211
254,276.5465065060354
255,291.95495549714497
256,142.26505534779557
257,269.1153509683356
258,306.81362565310644
259,216.5584061276032
260,164.5512401220188
261,239.39801065641257
262,216.5584061276032
263,126.85296543724793
264,186.84106581568014
265,12.1051639580532
266,149.6925699660573
267,201.69973597164164
268,254.25668081237407
269,201.69973597164164
270,299.93588986999276
271,276.5465065060354
272,201.69973597164164
273,88.05149216274296
274,125.19998801236581
275,75.39921918624964
276,254.25668081237407
277,94.92922794585668
278,42.925702859710356
279,119.97522965413424
280,201.69973597164164
281,201.69973597164164
282,164.5512401220188
283,209.13089150934147
284,269.6687707229217
285,35.49454732201056
286,216.5584061276032
287,209.13089150934147
288,119.97522965413424
289,313.6913614362202
290,201.69973597164164
291,246.27574643952624
292,277.6497050957695
293,209.13089150934147
294,141.16185675806145
295,209.13089150934147
296,223.989561665303
297,233.62347346303295
298,278.1994839309175
299,164.5512401220188
300,141.16185675806145
301,269.1153509683356
302,125.74976684751383
303,291.40517666199696
304,290.85175690741085
305,164.5512401220188
306,247.37894502926034
307,104.01336090843859
308,157.12372550375704
309,105.11655949817269
310,276.5465065060354
311,149.6925699660573
312,94.92922794585668
313,299.93588986999276
314,216.5584061276032
315,80.62397754448122
316,133.73070122036165
317,291.95495549714497
318,216.5584061276032
319,283.9740211242971
320,65.21188763393361
321,261.68783635007384
322,297.7294926905245
323,74.29602059651553
324,291.95495549714497
325,88.60491191732905
326,231.97049603815083
327,171.9823956597186
328,102.9101623187045
329,253.70690197722604
330,164.5512401220188
331,247.37894502926034
332,209.13089150934147
333,315.34797978054036
334,64.6621087987856
335,209.13089150934147
336,209.13089150934147
337,179.40991027798032
338,127.406385191834
339,141.16185675806145
340,231.41707628356474
341,134.28412097494774
342,351.38963612099104
343,141.16185675806145
344,216.5584061276032
345,245.7259676043782
346,269.1153509683356
347,276.5465065060354
348,125.74976684751383
349,72.08962341704733
350,201.69973597164164
351,125.74976684751383
352,194.26858043394188
353,239.95143041099863
354,239.39801065641257
355,194.26858043394188
356,223.989561665303
357,133.73070122036165
358,209.13089150934147
359,194.26858043394188
360,125.74976684751383
361,305.1606482282243
362,275.9930867514493
363,89.70811050706314
364,110.34131785640429
365,245.7259676043782
366,119.97522965413424
367,194.26858043394188
368,246.8291661941123
369,245.7259676043782
370,233.07369462788492
371,261.68783635007384
372,261.68783635007384
373,194.26858043394188
374,283.9740211242971
375,118.32225222925211
376,119.97522965413424
377,81.72717613421533
378,209.13089150934147
379,283.9740211242971
380,179.40991027798032
381,149.6925699660573
382,247.37894502926034
383,216.5584061276032
384,269.1153509683356
385,81.72717613421533
386,171.9823956597186
387,164.5512401220188
388,179.40991027798032
389,118.87203106440013
390,80.62397754448122
391,276.5465065060354
392,49.80343864282408
393,231.41707628356474
394,201.69973597164164
395,179.40991027798032
396,179.40991027798032
397,216.5584061276032
398,140.60843700347536
399,269.1153509683356
400,118.32225222925211
401,149.6925699660573
402,80.07055778989513
403,171.9823956597186
404,237.74503323153044
405,275.9930867514493
406,171.9823956597186
407,223.989561665303
408,179.40991027798032
409,233.62347346303295
410,223.989561665303
411,216.5584061276032
412,164.5512401220188
413,134.28412097494774
414,237.74503323153044
415,291.95495549714497
416,65.21188763393361
417,141.16185675806145
418,140.60843700347536
419,209.13089150934147
420,179.40991027798032
421,141.16185675806145
422,134.83389981009574
423,276.5465065060354
424,216.5584061276032
425,268.5655721331876
426,329.6532301819158
427,269.6687707229217
428,157.12372550375704
429,313.1415826010721
430,201.69973597164164
431,209.13089150934147
432,194.26858043394188
433,231.41707628356474
434,157.12372550375704
435,118.32225222925211
436,164.5512401220188
437,194.26858043394188
438,194.26858043394188
439,240.50120924614666
440,247.37894502926034
441,239.95143041099863
442,269.1153509683356
443,240.50120924614666
444,119.42545081898622
445,126.85296543724793
446,112.5477150358725
447,230.86729744841674
448,223.989561665303
449,125.74976684751383
450,171.9823956597186
451,223.989561665303
452,179.40991027798032
453,96.03242653559079
454,171.9823956597186
455,118.32225222925211
456,72.08962341704733
457,275.9930867514493
458,216.5584061276032
459,157.12372550375704
460,194.26858043394188
461,253.15348222263998
462,134.28412097494774
463,157.12372550375704
464,125.74976684751383
465,254.25668081237407
466,103.46358207329057
467,105.11655949817269
468,269.6687707229217
469,132.07772379547953
470,269.1153509683356
471,254.25668081237407
472,239.39801065641257
473,58.33415185081991
474,239.95143041099863
475,209.13089150934147
476,201.69973597164164
477,57.78437301567189
478,149.6925699660573
479,88.60491191732905
480,96.03242653559079
481,119.42545081898622
482,307.3670454076925
483,164.5512401220188
484,82.83037472394942
485,133.73070122036165
486,125.74976684751383
487,261.68783635007384
488,119.97522965413424
489,253.70690197722604
490,283.4242422891491
491,179.40991027798032
492,292.508375251731
493,82.83037472394942
494,283.4242422891491
495,261.68783635007384
496,308.4702439974266
497,171.9823956597186
498,119.42545081898622
499,290.30197807226284
500,209.13089150934147
501,110.34131785640429
502,179.40991027798032
503,269.6687707229217
504,140.60843700347536
505,284.5274408788832
506,64.6621087987856
507,103.46358207329057
508,117.76883247466603
509,232.52027487329886
510,125.19998801236581
511,201.69973597164164
512,237.74503323153044
513,157.12372550375704
514,97.68904487991097
515,104.56678066302467
516,194.26858043394188
517,125.19998801236581
518,216.5584061276032
519,132.62750263062753
520,194.26858043394188
521,41.82250426997625
522,118.87203106440013
523,320.01931838418585
524,269.1153509683356
525,66.31508622366772
526,209.13089150934147
527,261.68783635007384
528,336.5309659650295
529,209.13089150934147
530,141.16185675806145
531,201.69973597164164
532,157.12372550375704
533,201.69973597164164
534,245.7259676043782
535,201.69973597164164
536,194.26858043394188
537,104.01336090843859
538,104.56678066302467
539,216.5584061276032
540,118.32225222925211
541,157.12372550375704
542,157.12372550375704
543,201.69973597164164
544,314.79456002595424
545,149.6925699660573
546,194.26858043394188
547,103.46358207329057
548,321.12251697391997
549,269.6687707229217
550,95.48264770044277
551,261.68783635007384
552,216.5584061276032
553,186.84106581568014
554,283.4242422891491
555,164.5512401220188
556,88.60491191732905
557,358.82079165869084
558,201.69973597164164
559,305.7104270633723
560,247.37894502926034
561,290.85175690741085
562,141.16185675806145
563,233.62347346303295
564,307.3670454076925
565,216.5584061276032
566,297.1797138553765
567,275.9930867514493
568,164.5512401220188
569,171.9823956597186
570,240.50120924614666
571,57.23095326108581
572,317.0009572054225
573,269.6687707229217
574,299.93588986999276
575,201.69973597164164
576,201.69973597164164
577,194.26858043394188
578,171.9823956597186
579,102.9101623187045
580,179.40991027798032
581,103.46358207329057
582,328.00025275703365
583,179.40991027798032
584,201.69973597164164
585,89.70811050706314
586,179.40991027798032
587,41.26908451539017
588,283.4242422891491
589,238.29481206667845
590,64.6621087987856
591,239.39801065641257
592,179.40991027798032
593,157.12372550375704
594,254.25668081237407
595,299.93588986999276
596,157.12372550375704
597,87.50171332759494
598,126.30318660209991
599,140.60843700347536
600,277.6497050957695
601,82.83037472394942
602,209.13089150934147
603,201.69973597164164
604,194.26858043394188
605,164.5512401220188
606,102.9101623187045
607,306.2638468179584
608,94.92922794585668
609,209.13089150934147
610,164.5512401220188
611,277.09628534118343
612,171.9823956597186
613,223.989561665303
614,80.07055778989513
615,313.6913614362202
616,240.50120924614666
617,179.40991027798032
618,216.5584061276032
619,209.13089150934147
620,125.74976684751383
621,127.406385191834
622,171.9823956597186
623,307.3670454076925
624,233.07369462788492
625,81.72717613421533
626,306.81362565310644
627,269.1153509683356
628,127.406385191834
629,269.1153509683356
630,133.73070122036165
631,231.97049603815083
632,81.72717613421533
633,157.12372550375704
634,89.70811050706314
635,164.5512401220188
636,118.32225222925211
637,268.5655721331876
638,149.6925699660573
639,88.60491191732905
640,126.30318660209991
641,216.5584061276032
642,322.7754943988021
643,171.9823956597186
644,133.73070122036165
645,149.6925699660573
646,132.62750263062753
647,186.84106581568014
648,179.40991027798032
649,132.62750263062753
650,269.6687707229217
651,246.8291661941123
652,306.81362565310644
653,149.6925699660573
654,88.60491191732905
655,157.12372550375704
656,157.12372550375704
657,209.13089150934147
658,237.74503323153044
659,315.34797978054036
660,291.95495549714497
661,179.40991027798032
662,254.25668081237407
663,320.5690972193339
664,149.6925699660573
665,261.68783635007384
666,33.84156989712844
667,216.5584061276032
668,164.5512401220188
669,232.52027487329886
670,149.6925699660573
671,209.13089150934147
672,133.73070122036165
673,209.13089150934147
674,201.69973597164164
675,125.19998801236581
676,246.27574643952624
677,291.95495549714497
678,164.5512401220188
679,59.437350440554006
680,104.01336090843859
681,141.16185675806145
682,329.10345134676777
683,164.5512401220188
684,313.6913614362202
685,171.9823956597186
686,179.40991027798032
687,216.5584061276032
688,209.13089150934147
689,179.40991027798032
690,269.6687707229217
691,269.6687707229217
692,103.46358207329057
693,314.79456002595424
694,125.19998801236581
695,277.6497050957695
696,299.3861110348447
697,282.87082253456305
698,253.15348222263998
699,96.03242653559079
700,186.84106581568014
701,124.64656825777972
702,186.84106581568014
703,186.84106581568014
704,141.16185675806145
705,269.6687707229217
706,253.70690197722604
707,171.9823956597186
708,164.5512401220188
709,231.97049603815083
710,329.6532301819158
711,277.6497050957695
712,105.11655949817269
713,209.13089150934147
714,103.46358207329057
715,164.5512401220188
716,194.26858043394188
717,216.5584061276032
718,118.32225222925211
719,66.31508622366772
720,233.62347346303295
721,52.00983582229228
722,141.71163559320948
723,58.33415185081991
724,209.13089150934147
725,194.26858043394188
726,134.28412097494774
727,299.3861110348447
728,223.989561665303
729,253.15348222263998
730,283.4242422891491
731,194.26858043394188
732,65.7653073885197
733,233.07369462788492
734,209.13089150934147
735,269.1153509683356
736,209.13089150934147
737,157.12372550375704
738,246.8291661941123
739,171.9823956597186
740,157.12372550375704
741,320.01931838418585
742,254.25668081237407
743,132.62750263062753
744,171.9823956597186
745,164.5512401220188
746,231.41707628356474
747,125.74976684751383
748,253.70690197722604
749,119.42545081898622
750,132.62750263062753
751,313.1415826010721
752,276.5465065060354
753,157.12372550375704
754,216.5584061276032
755,246.8291661941123
756,119.42545081898622
757,253.15348222263998
758,179.40991027798032
759,95.48264770044277
760,125.19998801236581
761,56.68117442593779
762,134.28412097494774
763,75.39921918624964
764,216.5584061276032
765,283.9740211242971
766,133.18092238521362
767,246.27574643952624
768,320.5690972193339
769,94.92922794585668
770,171.9823956597186
771,164.5512401220188
772,216.5584061276032
773,171.9823956597186
774,111.99429528128641
775,216.5584061276032
776,186.84106581568014
777,233.62347346303295
778,149.6925699660573
779,141.16185675806145
780,186.84106581568014
781,164.5512401220188
782,157.12372550375704
783,157.12372550375704
784,57.78437301567189
785,179.40991027798032
786,157.12372550375704
787,171.9823956597186
788,132.62750263062753
789,171.9823956597186
790,230.86729744841674
791,88.05149216274296
792,261.68783635007384
793,80.62397754448122
794,65.21188763393361
795,247.37894502926034
796,276.5465065060354
797,245.7259676043782
798,216.5584061276032
799,246.27574643952624
800,132.62750263062753
801,291.40517666199696
802,232.52027487329886
803,157.12372550375704
804,306.81362565310644
805,247.37894502926034
806,157.12372550375704
807,209.13089150934147
808,149.6925699660573
809,254.25668081237407
810,268.5655721331876
811,268.5655721331876
812,149.6925699660573
813,216.5584061276032
814,216.5584061276032
815,276.5465065060354
816,269.1153509683356
817,134.28412097494774
818,261.68783635007384
819,254.25668081237407
820,216.5584061276032
821,67.9717045679879
822,290.85175690741085
823,277.09628534118343
824,81.17375637962924
825,48.70024005308997
826,209.13089150934147
827,194.26858043394188
828,104.01336090843859
829,238.84823182126453
830,261.68783635007384
831,245.7259676043782
832,179.40991027798032
833,237.74503323153044
834,141.71163559320948
835,275.9930867514493
836,209.13089150934147
837,276.5465065060354
838,269.6687707229217
839,291.95495549714497
840,105.11655949817269
841,95.48264770044277
842,133.73070122036165
843,233.62347346303295
844,209.13089150934147
845,186.84106581568014
846,283.9740211242971
847,73.74624176136751
848,102.36038348355648
849,233.62347346303295
850,65.21188763393361
851,216.5584061276032
852,179.40991027798032
853,322.2257155636541
854,233.62347346303295
855,88.05149216274296
856,179.40991027798032
857,290.85175690741085
858,74.29602059651553
859,94.92922794585668
860,299.3861110348447
861,233.62347346303295
862,269.6687707229217
863,104.56678066302467
864,277.09628534118343
865,132.62750263062753
866,117.76883247466603
867,231.97049603815083
868,194.26858043394188
869,240.50120924614666
870,186.84106581568014
871,269.1153509683356
872,291.95495549714497
873,292.508375251731
874,133.18092238521362
875,157.12372550375704
876,201.69973597164164
877,194.26858043394188
878,223.989561665303
879,141.16185675806145
880,247.37894502926034
881,216.5584061276032
882,245.7259676043782
883,232.52027487329886
884,277.09628534118343
885,278.1994839309175
886,103.46358207329057
887,64.6621087987856
888,87.50171332759494
889,50.353217477972095
890,284.5274408788832
891,194.26858043394188
892,223.989561665303
893,239.95143041099863
894,179.40991027798032
895,305.7104270633723
896,209.13089150934147
897,209.13089150934147
898,97.68904487991097
899,298.28291244511064
900,329.6532301819158
901,201.69973597164164
902,126.30318660209991
903,110.34131785640429
904,194.26858043394188
905,269.6687707229217
906,194.26858043394188
907,34.94476848686254
908,164.5512401220188
909,331.30984852623595
910,157.12372550375704
911,277.6497050957695
912,141.16185675806145
913,140.60843700347536
914,216.5584061276032
915,233.62347346303295
916,216.5584061276032
917,119.97522965413424
918,171.9823956597186
919,209.13089150934147
920,133.73070122036165
921,277.6497050957695
922,261.68783635007384
923,247.37894502926034
924,201.69973597164164
925,118.32225222925211
926,269.6687707229217
927,140.60843700347536
928,171.9823956597186
929,277.6497050957695
930,133.73070122036165
931,133.73070122036165
932,261.68783635007384
933,269.6687707229217
934,186.84106581568014
935,89.15469075247707
936,305.7104270633723
937,127.406385191834
938,298.28291244511064
939,201.69973597164164
940,223.989561665303
941,240.50120924614666
942,231.41707628356474
943,119.42545081898622
944,67.9717045679879
945,269.6687707229217
946,216.5584061276032
947,117.76883247466603
948,164.5512401220188
949,230.86729744841674
950,119.42545081898622
951,245.7259676043782
952,126.85296543724793
953,186.84106581568014
954,171.9823956597186
955,201.69973597164164
956,284.5274408788832
957,276.5465065060354
958,186.84106581568014
959,81.17375637962924
960,269.1153509683356
961,307.3670454076925
962,285.07721971403123
963,216.5584061276032
964,261.68783635007384
965,179.40991027798032
966,201.69973597164164
967,157.12372550375704
968,269.6687707229217
969,111.99429528128641
970,284.5274408788832
971,307.3670454076925
972,41.82250426997625
973,126.85296543724793
974,132.62750263062753
975,157.12372550375704
976,118.87203106440013
977,261.68783635007384
978,245.7259676043782
979,79.52077895474712
980,239.95143041099863
981,209.13089150934147
982,89.70811050706314
983,79.52077895474712
984,110.8910966915523
985,141.16185675806145
986,157.12372550375704
987,247.37894502926034
988,81.17375637962924
989,164.5512401220188
990,201.69973597164164
991,104.01336090843859
992,179.40991027798032
993,291.95495549714497
994,253.15348222263998
995,157.12372550375704
996,239.39801065641257
997,171.9823956597186
998,299.93588986999276
999,102.9101623187045
1000,233.62347346303295
1001,238.84823182126453
1002,216.5584061276032
1003,164.5512401220188
1004,283.4242422891491
1005,133.73070122036165
1006,261.68783635007384
1007,240.50120924614666
1008,141.16185675806145
1009,140.05865816832736
1010,79.52077895474712
1011,194.26858043394188
1012,209.13089150934147
1013,223.989561665303
1014,134.28412097494774
1015,233.62347346303295
1016,58.887571605405995
1017,127.406385191834
1018,194.26858043394188
1019,82.83037472394942
1020,233.62347346303295
1021,125.19998801236581
1022,283.4242422891491
1023,81.17375637962924
1024,179.40991027798032
1025,140.60843700347536
1026,216.5584061276032
1027,284.5274408788832
1028,88.05149216274296
1029,269.1153509683356
1030,216.5584061276032
1031,216.5584061276032
1032,247.37894502926034
1033,41.82250426997625
1034,149.6925699660573
1035,73.74624176136751
1036,295.4867642458884
1037,201.69973597164164
1038,276.5465065060354
1039,283.9740211242971
1040,157.12372550375704
1041,282.87082253456305
1042,343.40870174814324
1043,171.9823956597186
1044,81.17375637962924
1045,328.00025275703365
1046,209.13089150934147
1047,95.48264770044277
1048,50.353217477972095
1049,194.26858043394188
1050,125.74976684751383
1051,141.71163559320948
1052,201.69973597164164
1053,239.39801065641257
1054,142.26505534779557
1055,110.8910966915523
1056,119.42545081898622
1057,209.13089150934147
1058,307.9168242428405
1059,216.5584061276032
1060,201.69973597164164
1061,290.85175690741085
1062,157.12372550375704
1063,209.13089150934147
1064,142.26505534779557
1065,209.13089150934147
1066,186.84106581568014
1067,134.28412097494774
1068,65.7653073885197
1069,277.6497050957695
1070,275.9930867514493
1071,275.9930867514493
1072,269.6687707229217
1073,66.31508622366772
1074,233.62347346303295
1075,125.74976684751383
1076,231.97049603815083
1077,201.69973597164164
1078,231.41707628356474
1079,94.92922794585668
1080,283.9740211242971
1081,141.71163559320948
1082,276.5465065060354
1083,179.40991027798032
1084,141.71163559320948
1085,104.01336090843859
1086,164.5512401220188
1087,245.7259676043782
1088,277.09628534118343
1089,141.71163559320948
1090,194.26858043394188
1091,171.9823956597186
1092,209.13089150934147
1093,179.40991027798032
1094,283.4242422891491
1095,171.9823956597186
1096,179.40991027798032
1097,171.9823956597186
1098,201.69973597164164
1099,157.12372550375704
1100,179.40991027798032
1101,292.508375251731
1102,133.73070122036165
1103,240.50120924614666
1104,209.13089150934147
1105,216.5584061276032
1106,223.989561665303
1107,209.13089150934147
1108,157.12372550375704
1109,216.5584061276032
1110,64.6621087987856
1111,223.989561665303
1112,201.69973597164164
1113,232.52027487329886
1114,261.68783635007384
1115,306.81362565310644
1116,125.74976684751383
1117,164.5512401220188
1118,209.13089150934147
1119,269.6687707229217
1120,133.73070122036165
1121,141.16185675806145
1122,141.71163559320948
1123,133.73070122036165
1124,157.12372550375704
1125,254.25668081237407
1126,117.76883247466603
1127,149.6925699660573
1128,164.5512401220188
1129,157.12372550375704
1130,201.69973597164164
1131,164.5512401220188
1132,306.2638468179584
1133,269.6687707229217
1134,126.30318660209991
1135,209.13089150934147
1136,164.5512401220188
1137,254.25668081237407
1138,119.97522965413424
1139,81.17375637962924
1140,291.40517666199696
1141,164.5512401220188
1142,64.6621087987856
1143,126.85296543724793
1144,247.37894502926034
1145,164.5512401220188
1146,343.9621215027293
1147,239.95143041099863
1148,171.9823956597186
1149,79.52077895474712
1150,245.7259676043782
1151,283.9740211242971
1152,254.25668081237407
1153,186.84106581568014
1154,194.26858043394188
1155,233.62347346303295
1156,141.71163559320948
1157,171.9823956597186
1158,140.60843700347536
1159,277.6497050957695
1160,133.73070122036165
1161,269.1153509683356
1162,240.50120924614666
1163,105.11655949817269
1164,291.95495549714497
1165,269.1153509683356
1166,238.84823182126453
1167,157.12372550375704
1168,343.9621215027293
1169,194.26858043394188
1170,82.83037472394942
1171,102.36038348355648
1172,140.60843700347536
1173,89.15469075247707
1174,140.05865816832736
1175,240.50120924614666
1176,102.9101623187045
1177,254.25668081237407
1178,269.1153509683356
1179,126.85296543724793
1180,134.28412097494774
1181,291.95495549714497
1182,283.9740211242971
1183,119.42545081898622
1184,261.68783635007384
1185,157.12372550375704
1186,171.9823956597186
1187,230.86729744841674
1188,142.26505534779557
1189,313.1415826010721
1190,179.40991027798032
1191,253.70690197722604
1192,186.84106581568014
1193,194.26858043394188
1194,51.45641606770619
1195,223.989561665303
1196,201.69973597164164
1197,149.6925699660573
1198,277.6497050957695
1199,171.9823956597186
1200,350.839857285843
1201,307.9168242428405
1202,320.5690972193339
1203,194.26858043394188
1204,269.6687707229217
1205,88.60491191732905
1206,283.4242422891491
1207,291.40517666199696
1208,246.8291661941123
1209,65.7653073885197
1210,223.989561665303
1211,314.79456002595424
1212,254.25668081237407
1213,269.1153509683356
1214,157.12372550375704
1215,157.12372550375704
1216,328.00025275703365
1217,239.39801065641257
1218,201.69973597164164
1219,134.83389981009574
1220,186.84106581568014
1221,305.1606482282243
1222,157.12372550375704
1223,80.07055778989513
1224,67.9717045679879
1225,179.40991027798032
1226,293.0581540868791
1227,223.989561665303
1228,105.11655949817269
1229,95.48264770044277
1230,312.03838401133805
1231,78.96735920016103
1232,282.87082253456305
1233,157.12372550375704
1234,216.5584061276032
1235,194.26858043394188
1236,254.25668081237407
1237,253.70690197722604
1238,291.95495549714497
1239,216.5584061276032
1240,78.96735920016103
1241,104.56678066302467
1242,149.6925699660573
1243,232.52027487329886
1244,231.41707628356474
1245,240.50120924614666
1246,125.74976684751383
1247,194.26858043394188
1248,80.62397754448122
1249,157.12372550375704
1250,254.25668081237407
1251,307.3670454076925
1252,126.30318660209991
1253,72.64304317163342
1254,149.6925699660573
1255,209.13089150934147
1256,171.9823956597186
1257,277.6497050957695
1258,229.76409885868262
1259,269.1153509683356
1260,277.09628534118343
1261,245.7259676043782
1262,127.406385191834
1263,229.76409885868262
1264,253.15348222263998
1265,141.16185675806145
1266,231.41707628356474
1267,103.46358207329057
1268,149.6925699660573
1269,209.13089150934147
1270,209.13089150934147
1271,216.5584061276032
1272,67.9717045679879
1273,293.0581540868791
1274,342.3055031584091
1275,329.6532301819158
1276,171.9823956597186
1277,277.09628534118343
1278,285.07721971403123
1279,209.13089150934147
1280,238.84823182126453
1281,344.51190033787736
1282,351.38963612099104
1283,209.13089150934147
1284,140.05865816832736
1285,141.71163559320948
1286,88.05149216274296
1287,141.16185675806145
1288,290.85175690741085
1289,186.84106581568014
1290,209.13089150934147
1291,171.9823956597186
1292,245.7259676043782
1293,110.8910966915523
1294,141.16185675806145
1295,313.6913614362202
1296,88.60491191732905
1297,201.69973597164164
1298,246.8291661941123
1299,312.03838401133805
1300,164.5512401220188
1301,96.03242653559079
1302,157.12372550375704
1303,65.21188763393361
1304,201.69973597164164
1305,126.85296543724793
1306,157.12372550375704
1307,277.6497050957695
1308,96.03242653559079
1309,97.68904487991097
1310,141.16185675806145
1311,141.16185675806145
1312,269.1153509683356
1313,149.6925699660573
1314,327.4468330024476
1315,201.69973597164164
1316,81.72717613421533
1317,186.84106581568014
1318,290.85175690741085
1319,201.69973597164164
1320,201.69973597164164
1321,171.9823956597186
1322,133.73070122036165
1323,209.13089150934147
1324,254.25668081237407
1325,201.69973597164164
1326,125.74976684751383
1327,239.95143041099863
1328,269.1153509683356
1329,246.27574643952624
1330,179.40991027798032
1331,35.49454732201056
1332,88.60491191732905
1333,305.1606482282243
1334,239.39801065641257
1335,253.15348222263998
1336,247.37894502926034
1337,298.28291244511064
1338,142.26505534779557
1339,171.9823956597186
1340,127.406385191834
1341,245.17254784979212
1342,253.70690197722604
1343,209.13089150934147
1344,254.25668081237407
1345,307.3670454076925
1346,253.15348222263998
1347,209.13089150934147
1348,278.1994839309175
1349,164.5512401220188
1350,209.13089150934147
1351,276.5465065060354
1352,269.6687707229217
1353,261.68783635007384
1354,290.30197807226284
1355,269.1153509683356
1356,229.21067910409653
1357,140.60843700347536
1358,269.1153509683356
1359,97.68904487991097
1360,133.18092238521362
1361,246.27574643952624
1362,103.46358207329057
1363,233.07369462788492
1364,157.12372550375704
1365,223.989561665303
1366,261.68783635007384
1367,209.13089150934147
1368,96.03242653559079
1369,164.5512401220188
1370,209.13089150934147
1371,52.00983582229228
1372,275.9930867514493
1373,300.4893096245788
1374,268.5655721331876
1375,179.40991027798032
1376,238.29481206667845
1377,111.4445164461384
1378,72.08962341704733
1379,201.69973597164164
1380,277.09628534118343
1381,240.50120924614666
1382,96.03242653559079
1383,359.92399024842496
1384,291.95495549714497
1385,277.09628534118343
1386,164.5512401220188
1387,290.85175690741085
1388,72.64304317163342
1389,291.95495549714497
1390,157.12372550375704
1391,95.48264770044277
1392,96.03242653559079
1393,267.9758211134336
1394,88.05149216274296
1395,246.8291661941123
1396,140.60843700347536
1397,201.69973597164164
1398,118.87203106440013
1399,186.84106581568014
1400,126.30318660209991
1401,209.13089150934147
1402,201.69973597164164
1403,80.62397754448122
1404,216.5584061276032
1405,240.50120924614666
1406,223.989561665303
1407,80.62397754448122
1408,247.37894502926034
1409,253.70690197722604
1410,149.6925699660573
1411,216.5584061276032
1412,216.5584061276032
1413,194.26858043394188
1414,247.37894502926034
1415,237.74503323153044
1416,86.94829357300885
1417,201.69973597164164
1418,179.40991027798032
1419,164.5512401220188
1420,164.5512401220188
1421,186.84106581568014
1422,254.25668081237407
1423,209.13089150934147
1424,284.5274408788832
1425,216.5584061276032
1426,80.62397754448122
1427,95.48264770044277
1428,261.68783635007384
1429,240.50120924614666
1430,42.925702859710356
1431,231.97049603815083
1432,164.5512401220188
1433,209.13089150934147
1434,75.39921918624964
1435,134.28412097494774
1436,64.6621087987856
1437,194.26858043394188
1438,283.9740211242971
1439,118.32225222925211
1440,179.40991027798032
1441,149.6925699660573
1442,209.13089150934147
1443,186.84106581568014
1444,201.69973597164164
1445,186.84106581568014
1446,299.93588986999276
1447,307.9168242428405
1448,103.46358207329057
1449,134.28412097494774
1450,223.989561665303
1451,239.95143041099863
1452,149.6925699660573
1453,132.62750263062753
1454,157.12372550375704
1455,313.6913614362202
1456,343.9621215027293
1457,94.92922794585668
1458,247.37894502926034
1459,238.29481206667845
1460,141.16185675806145
1461,73.19282200678144
1462,254.25668081237407
1463,194.26858043394188
1464,157.12372550375704
1465,58.33415185081991
1466,247.37894502926034
1467,283.9740211242971
1468,71.53984458189932
1469,285.07721971403123
1470,141.16185675806145
1471,104.56678066302467
1472,209.13089150934147
1473,179.40991027798032
1474,41.82250426997625
1475,290.30197807226284
1476,319.4658986295998
1477,216.5584061276032
1478,179.40991027798032
1479,164.5512401220188
1480,216.5584061276032
1481,269.1153509683356
1482,246.27574643952624
1483,111.4445164461384
1484,245.7259676043782
1485,194.26858043394188
1486,269.1153509683356
1487,269.1153509683356
1488,247.37894502926034
1489,157.12372550375704
1490,118.87203106440013
1491,149.6925699660573
1492,209.13089150934147
1493,209.13089150934147
1494,268.5655721331876
1495,305.7104270633723
1496,125.19998801236581
1497,283.9740211242971
1498,313.6913614362202
1499,179.40991027798032
1500,216.5584061276032
1501,95.48264770044277
1502,140.60843700347536
1503,141.16185675806145
1504,118.87203106440013
1505,179.40991027798032
1506,118.87203106440013
1507,164.5512401220188
1508,322.7754943988021
1509,277.09628534118343
1510,269.6687707229217
1511,164.5512401220188
1512,306.2638468179584
1513,171.9823956597186
1514,201.69973597164164
1515,80.07055778989513
1516,209.13089150934147
1517,141.71163559320948
1518,209.13089150934147
1519,118.32225222925211
1520,223.989561665303
1521,157.12372550375704
1522,223.989561665303
1523,246.8291661941123
1524,110.8910966915523
1525,247.37894502926034
1526,103.46358207329057
1527,125.19998801236581
1528,201.69973597164164
1529,233.07369462788492
1530,179.40991027798032
1531,179.40991027798032
1532,117.76883247466603
1533,253.15348222263998
1534,201.69973597164164
1535,231.97049603815083
1536,52.00983582229228
1537,277.09628534118343
1538,254.25668081237407
1539,103.46358207329057
1540,157.12372550375704
1541,105.11655949817269
1542,118.32225222925211
1543,73.74624176136751
1544,231.41707628356474
1545,102.36038348355648
1546,149.6925699660573
1547,140.60843700347536
1548,50.353217477972095
1549,308.4702439974266
1550,300.4893096245788
1551,233.62347346303295
1552,164.5512401220188
1553,80.07055778989513
1554,290.30197807226284
1555,132.62750263062753
1556,141.16185675806145
1557,253.70690197722604
1558,194.26858043394188
1559,298.28291244511064
1560,133.73070122036165
1561,194.26858043394188
1562,134.83389981009574
1563,140.60843700347536
1564,245.17254784979212
1565,118.32225222925211
1566,171.9823956597186
1567,64.10868904419951
1568,142.26505534779557
1569,80.62397754448122
1570,201.69973597164164
1571,88.60491191732905
1572,283.4242422891491
1573,305.1606482282243
1574,223.989561665303
1575,171.9823956597186
1576,149.6925699660573
1577,149.6925699660573
1578,179.40991027798032
1579,246.8291661941123
1580,283.9740211242971
1581,246.8291661941123
1582,246.27574643952624
1583,240.50120924614666
1584,261.68783635007384
1585,164.5512401220188
1586,133.73070122036165
1587,141.16185675806145
1588,171.9823956597186
1589,57.23095326108581
1590,231.97049603815083
1591,105.11655949817269
1592,52.00983582229228
1593,141.16185675806145
1594,194.26858043394188
1595,246.8291661941123
1596,277.6497050957695
1597,201.69973597164164
1598,141.16185675806145
1599,149.6925699660573
1600,261.68783635007384
1601,194.26858043394188
1602,201.69973597164164
1603,277.09628534118343
1604,179.40991027798032
1605,269.6687707229217
1606,247.37894502926034
1607,133.18092238521362
1608,104.56678066302467
1609,223.989561665303
1610,97.68904487991097
1611,314.24478119080624
1612,269.6687707229217
1613,277.09628534118343
1614,164.5512401220188
1615,292.508375251731
1616,253.15348222263998
1617,96.58584629017686
1618,223.989561665303
1619,269.1153509683356
1620,209.13089150934147
1621,232.52027487329886
1622,284.5274408788832
1623,149.6925699660573
1624,293.0581540868791
1625,277.6497050957695
1626,233.62347346303295
1627,97.68904487991097
1628,51.45641606770619
1629,194.26858043394188
1630,276.5465065060354
1631,307.9168242428405
1632,164.5512401220188
1633,277.09628534118343
1634,261.68783635007384
1635,94.92922794585668
1636,209.13089150934147
1637,171.9823956597186
1638,96.03242653559079
1639,125.74976684751383
1640,216.5584061276032
1641,126.30318660209991
1642,179.40991027798032
1643,233.62347346303295
1644,269.6687707229217
1645,194.26858043394188
1646,246.8291661941123
1647,306.2638468179584
1648,66.31508622366772
1649,284.5274408788832
1650,82.83037472394942
1651,239.39801065641257
1652,269.6687707229217
1653,254.25668081237407
1654,247.37894502926034
1655,253.15348222263998
1656,186.84106581568014
1657,125.74976684751383
1658,233.07369462788492
1659,125.19998801236581
1660,201.69973597164164
1661,126.85296543724793
1662,141.71163559320948
1663,290.85175690741085
1664,90.25788934221116
1665,132.62750263062753
1666,179.40991027798032
1667,179.40991027798032
1668,149.6925699660573
1669,269.1153509683356
1670,126.85296543724793
1671,164.5512401220188
1672,351.38963612099104
1673,133.73070122036165
1674,233.07369462788492
1675,186.84106581568014
1676,141.16185675806145
1677,291.95495549714497
1678,171.9823956597186
1679,269.6687707229217
1680,105.11655949817269
1681,269.1153509683356
1682,141.16185675806145
1683,81.72717613421533
1684,110.8910966915523
1685,57.23095326108581
1686,230.86729744841674
1687,342.3055031584091
1688,277.6497050957695
1689,209.13089150934147
1690,335.9811871298815
1691,209.13089150934147
1692,233.62347346303295
1693,119.42545081898622
1694,216.5584061276032
1695,142.26505534779557
1696,171.9823956597186
1697,132.62750263062753
1698,126.85296543724793
1699,186.84106581568014
1700,94.37944911070866
1701,345.0653200924634
1702,216.5584061276032
1703,127.406385191834
1704,149.6925699660573
1705,209.13089150934147
1706,268.5655721331876
1707,132.62750263062753
1708,157.12372550375704
1709,111.4445164461384
1710,223.989561665303
1711,74.29602059651553
1712,194.26858043394188
1713,209.13089150934147
1714,95.48264770044277
1715,157.12372550375704
1716,239.95143041099863
1717,247.37894502926034
1718,117.76883247466603
1719,261.68783635007384
1720,112.5477150358725
1721,283.4242422891491
1722,96.58584629017686
1723,125.19998801236581
1724,80.62397754448122
1725,194.26858043394188
1726,216.5584061276032
1727,216.5584061276032
1728,134.83389981009574
1729,216.5584061276032
1730,179.40991027798032
1731,239.39801065641257
1732,171.9823956597186
1733,237.74503323153044
1734,179.40991027798032
1735,201.69973597164164
1736,141.16185675806145
1737,110.8910966915523
1738,126.30318660209991
1739,240.50120924614666
1740,133.73070122036165
1741,261.68783635007384
1742,254.25668081237407
1743,104.01336090843859
1744,269.6687707229217
1745,337.08438571961557
1746,285.07721971403123
1747,133.73070122036165
1748,179.40991027798032
1749,112.5477150358725
1750,269.1153509683356
1751,133.18092238521362
1752,229.76409885868262
1753,134.28412097494774
1754,342.85892291299524
1755,72.64304317163342
1756,164.5512401220188
1757,261.68783635007384
1758,141.71163559320948
1759,13.208362547787301
1760,269.6687707229217
1761,216.5584061276032
1762,290.85175690741085
1763,141.16185675806145
1764,240.50120924614666
1765,171.9823956597186
1766,80.62397754448122
1767,223.989561665303
1768,179.40991027798032
1769,149.6925699660573
1770,66.31508622366772
1771,216.5584061276032
1772,246.8291661941123
1773,269.6687707229217
1774,261.68783635007384
1775,179.40991027798032
1776,245.7259676043782
1777,141.16185675806145
1778,223.989561665303
1779,223.989561665303
1780,164.5512401220188
1781,126.85296543724793
1782,277.09628534118343
1783,269.6687707229217
1784,277.09628534118343
1785,194.26858043394188
1786,269.6687707229217
1787,269.1153509683356
1788,201.69973597164164
1789,80.62397754448122
1790,149.6925699660573
1791,194.26858043394188
1792,72.64304317163342
1793,127.406385191834
1794,38.25436425606485
1795,141.16185675806145
1796,157.12372550375704
1797,216.5584061276032
1798,328.00025275703365
1799,94.92922794585668
1800,58.33415185081991
1801,194.26858043394188
1802,171.9823956597186
1803,247.37894502926034
1804,284.5274408788832
1805,240.50120924614666
1806,157.12372550375704
1807,305.1606482282243
1808,276.5465065060354
1809,194.26858043394188
1810,277.09628534118343
1811,149.6925699660573
1812,201.69973597164164
1813,142.26505534779557
1814,133.73070122036165
1815,233.62347346303295
1816,299.93588986999276
1817,140.60843700347536
1818,186.84106581568014
1819,102.9101623187045
1820,140.60843700347536
1821,96.58584629017686
1822,322.7754943988021
1823,157.12372550375704
1824,201.69973597164164
1825,209.13089150934147
1826,164.5512401220188
1827,171.9823956597186
1828,269.1153509683356
1829,261.68783635007384
1830,104.01336090843859
1831,73.74624176136751
1832,305.1606482282243
1833,96.03242653559079
1834,254.25668081237407
1835,134.28412097494774
1836,171.9823956597186
1837,179.40991027798032
1838,140.60843700347536
1839,245.7259676043782
1840,134.83389981009574
1841,231.97049603815083
1842,238.29481206667845
1843,110.8910966915523
1844,201.69973597164164
1845,238.29481206667845
1846,179.40991027798032
1847,254.25668081237407
1848,164.5512401220188
1849,88.60491191732905
1850,261.68783635007384
1851,179.40991027798032
1852,149.6925699660573
1853,201.69973597164164
1854,164.5512401220188
1855,96.58584629017686
1856,246.8291661941123
1857,291.95495549714497
1858,119.97522965413424
1859,117.76883247466603
1860,58.33415185081991
1861,179.40991027798032
1862,157.12372550375704
1863,254.25668081237407
1864,157.12372550375704
1865,231.41707628356474
1866,283.4242422891491
1867,268.5655721331876
1868,126.85296543724793
1869,88.05149216274296
1870,171.9823956597186
1871,118.32225222925211
1872,125.74976684751383
1873,275.9930867514493
1874,307.9168242428405
1875,314.24478119080624
1876,102.36038348355648
1877,216.5584061276032
1878,149.6925699660573
1879,209.13089150934147
1880,253.70690197722604
1881,309.0200228325746
1882,179.40991027798032
1883,67.9717045679879
1884,240.50120924614666
1885,157.12372550375704
1886,240.50120924614666
1887,223.989561665303
1888,223.989561665303
1889,277.6497050957695
1890,320.01931838418585
1891,247.37894502926034
1892,283.9740211242971
1893,117.76883247466603
1894,149.6925699660573
1895,314.24478119080624
1896,157.12372550375704
1897,239.39801065641257
1898,186.84106581568014
1899,261.68783635007384
1900,88.60491191732905
1901,110.8910966915523
1902,284.5274408788832
1903,186.84106581568014
1904,261.68783635007384
1905,261.68783635007384
1906,94.92922794585668
1907,73.74624176136751
1908,125.74976684751383
1909,179.40991027798032
1910,231.97049603815083
1911,216.5584061276032
1912,245.7259676043782
1913,254.25668081237407
1914,223.989561665303
1915,321.12251697391997
1916,125.74976684751383
1917,125.74976684751383
1918,285.07721971403123
1919,298.83269128025864
1920,149.6925699660573
1921,80.07055778989513
1922,209.13089150934147
1923,171.9823956597186
1924,334.8779885401474
1925,125.74976684751383
1926,179.40991027798032
1927,118.32225222925211
1928,141.16185675806145
1929,186.84106581568014
1930,179.40991027798032
1931,134.28412097494774
1932,110.8910966915523
1933,283.9740211242971
1934,238.84823182126453
1935,277.6497050957695
1936,305.7104270633723
1937,239.39801065641257
1938,246.8291661941123
1939,291.40517666199696
1940,232.52027487329886
1941,90.25788934221116
1942,245.17254784979212
1943,307.3670454076925
1944,246.8291661941123
1945,261.68783635007384
1946,118.87203106440013
1947,216.5584061276032
1948,240.50120924614666
1949,216.5584061276032
1950,366.2483062769526
1951,246.8291661941123
1952,350.839857285843
1953,233.07369462788492
1954,119.42545081898622
1955,64.6621087987856
1956,307.3670454076925
1957,284.5274408788832
1958,254.25668081237407
1959,201.69973597164164
1960,246.8291661941123
1961,232.52027487329886
1962,254.25668081237407
1963,238.29481206667845
1964,149.6925699660573
1965,164.5512401220188
1966,117.76883247466603
1967,157.12372550375704
1968,209.13089150934147
1969,223.989561665303
1970,73.74624176136751
1971,110.34131785640429
1972,201.69973597164164
1973,240.50120924614666
1974,246.8291661941123
1975,261.68783635007384
1976,118.32225222925211
1977,240.50120924614666
1978,230.86729744841674
1979,164.5512401220188
1980,307.9168242428405
1981,261.68783635007384
1982,164.5512401220188
1983,201.69973597164164
1984,261.68783635007384
1985,223.989561665303
1986,96.03242653559079
1987,133.18092238521362
1988,209.13089150934147
1989,291.40517666199696
1990,140.60843700347536
1991,118.32225222925211
1992,315.89775861568836
1993,201.69973597164164
1994,80.07055778989513
1995,157.12372550375704
1996,141.16185675806145
1997,119.97522965413424
1998,253.70690197722604
1999,140.60843700347536
2000,358.2673719041048
2001,82.83037472394942
2002,64.10868904419951
2003,216.5584061276032
2004,141.71163559320948
2005,141.16185675806145
2006,164.5512401220188
2007,179.40991027798032
2008,194.26858043394188
2009,238.84823182126453
2010,134.28412097494774
2011,171.9823956597186
2012,292.508375251731
2013,233.62347346303295
2014,329.10345134676777
2015,118.87203106440013
2016,245.7259676043782
2017,164.5512401220188
2018,307.3670454076925
2019,118.87203106440013
2020,223.989561665303
2021,247.37894502926034
2022,179.40991027798032
2023,96.03242653559079
2024,315.34797978054036
2025,201.69973597164164
2026,104.56678066302467
2027,126.30318660209991
2028,140.05865816832736
2029,304.6072284736382
2030,171.9823956597186
2031,284.5274408788832
2032,209.13089150934147
2033,209.13089150934147
2034,247.37894502926034
2035,179.40991027798032
2036,149.6925699660573
2037,291.40517666199696
2038,141.16185675806145
2039,125.19998801236581
2040,246.8291661941123
2041,223.989561665303
2042,209.13089150934147
2043,245.7259676043782
2044,179.40991027798032
2045,81.72717613421533
2046,96.03242653559079
2047,194.26858043394188
2048,104.56678066302467
2049,230.86729744841674
2050,125.74976684751383
2051,275.9930867514493
2052,209.13089150934147
2053,247.37894502926034
2054,164.5512401220188
2055,58.33415185081991
2056,111.4445164461384
2057,269.6687707229217
2058,285.07721971403123
2059,149.6925699660573
2060,245.17254784979212
2061,261.68783635007384
2062,157.12372550375704
2063,81.72717613421533
2064,19.53267857631493
2065,253.70690197722604
2066,157.12372550375704
2067,268.5655721331876
2068,277.6497050957695
2069,305.7104270633723
2070,275.9930867514493
2071,269.1153509683356
2072,305.1606482282243
2073,254.25668081237407
2074,164.5512401220188
2075,223.989561665303
2076,299.93588986999276
2077,140.60843700347536
2078,164.5512401220188
2079,88.60491191732905
2080,292.508375251731
2081,141.71163559320948
2082,179.40991027798032
2083,126.85296543724793
2084,314.24478119080624
2085,223.989561665303
2086,246.8291661941123
2087,110.8910966915523
2088,126.30318660209991
2089,171.9823956597186
2090,179.40991027798032
2091,223.989561665303
2092,66.86850597825381
2093,290.85175690741085
2094,269.1153509683356
2095,171.9823956597186
2096,164.5512401220188
2097,237.74503323153044
2098,261.68783635007384
2099,238.84823182126453
2100,171.9823956597186
2101,306.2638468179584
2102,231.41707628356474
2103,269.6687707229217
2104,149.6925699660573
2105,149.6925699660573
2106,269.6687707229217
2107,291.95495549714497
2108,73.74624176136751
2109,186.84106581568014
2110,240.50120924614666
2111,269.1153509683356
2112,247.37894502926034
2113,50.906637232558175
2114,194.26858043394188
2115,269.6687707229217
2116,75.39921918624964
2117,321.672295809068
2118,216.5584061276032
2119,194.26858043394188
2120,134.28412097494774
2121,194.26858043394188
2122,277.6497050957695
2123,110.8910966915523
2124,231.41707628356474
2125,216.5584061276032
2126,216.5584061276032
2127,171.9823956597186
2128,216.5584061276032
2129,223.989561665303
2130,141.71163559320948
2131,237.74503323153044
2132,133.73070122036165
2133,352.4928347107251
2134,105.11655949817269
2135,118.32225222925211
2136,254.25668081237407
2137,118.32225222925211
2138,237.74503323153044
2139,209.13089150934147
2140,126.30318660209991
2141,164.5512401220188
2142,269.1153509683356
2143,312.03838401133805
2144,66.31508622366772
2145,110.8910966915523
2146,240.50120924614666
2147,96.58584629017686
2148,118.32225222925211
2149,216.5584061276032
2150,245.7259676043782
2151,247.37894502926034
2152,209.13089150934147
2153,95.48264770044277
2154,186.84106581568014
2155,209.13089150934147
2156,179.40991027798032
2157,254.25668081237407
2158,73.74624176136751
2159,308.4702439974266
2160,126.85296543724793
2161,104.01336090843859
2162,95.48264770044277
2163,290.30197807226284
2164,328.55003159218165
2165,305.7104270633723
2166,269.1153509683356
2167,157.12372550375704
2168,230.86729744841674
2169,179.40991027798032
2170,157.12372550375704
2171,216.5584061276032
2172,253.70690197722604
2173,164.5512401220188
2174,81.72717613421533
2175,327.4468330024476
2176,164.5512401220188
2177,112.5477150358725
