,rf_predictions
0,220.92180015439973
1,40.92565411611936
2,332.8218873131981
3,390.55053627186214
4,197.080855405803
5,210.27843370933672
6,159.75355292470897
7,251.0183620825013
8,257.61740004366624
9,241.0329777942431
10,-68.05423091617604
11,35.13822641156476
12,287.0502070063612
13,10.815157545600584
14,73.84735664268355
15,119.12789729572798
16,181.89633470203154
17,285.2222274870686
18,93.63370655345211
19,150.83613168290424
20,36.738862602089654
21,89.84555980984888
22,290.97580844967206
23,130.68494839301562
24,31.714572364656007
25,106.95320141026929
26,282.2909263653685
27,312.82830471001836
28,100.09200067132875
29,107.18554349403331
30,136.58685748045212
31,161.40051466020338
32,32.52714970894783
33,149.94519153032104
34,311.1639647173083
35,227.71706672067063
36,77.28150552564358
37,24.525192541130906
38,27.4876346029163
39,198.434289969591
40,91.03471843167934
41,220.34062474956804
42,77.77699891685836
43,79.27067852696428
44,197.7860546775787
45,279.62550967164276
46,284.0291957262996
47,149.9936519161221
48,187.55311405991438
49,291.9050917548244
50,225.20348713189333
51,161.4337188468965
52,116.14285471004253
53,241.83485932307713
54,266.9126443208052
55,109.18779601872424
56,163.60349348333816
57,266.9126443208052
58,113.35196154358177
59,226.73321054753256
60,128.44969615105066
61,118.54743575705004
62,73.1698184745735
63,339.5889974459893
64,158.1502319520366
65,107.59449893322233
66,307.2087967035387
67,9.593081014958301
68,119.00837413262435
69,206.4530592175691
70,150.2201438330489
71,231.57462641501346
72,250.91032098738395
73,180.62504461092004
74,149.6783239506605
75,157.27230717716319
76,267.2757217509172
77,153.95203062537993
78,314.86905009486463
79,54.76492010807503
80,339.06769628682264
81,190.80851621703297
82,96.58891106395296
83,339.99573610205164
84,161.54319455381147
85,255.40149179103562
86,352.651173355262
87,223.14606635938355
88,277.64089496642646
89,307.40499763845105
90,284.81974244955927
91,113.1076366703922
92,79.65817403566024
93,237.03629756885897
94,148.81632588173548
95,232.90258663724148
96,339.59924449331174
97,154.93263879086768
98,-23.963585142457276
99,305.9350519440668
100,276.30732648901403
101,232.63812066174745
102,333.20272571743135
103,108.95241903341694
104,96.47083102146439
105,304.24207447026083
106,293.81405543384176
107,229.5017708489166
108,190.3128811414366
109,135.12767022884847
110,361.34874548982543
111,332.7987098334704
112,217.10210786889724
113,200.30107174344352
114,19.74135864832374
115,331.5693815289887
116,103.40543253853161
117,94.02989692105672
118,102.23349302941628
119,304.94768118684374
120,113.96886861953709
121,323.0643262423845
122,198.88108845363163
123,213.25274151936554
124,144.2602449497887
125,155.97107745712862
126,234.5488726193663
127,319.5519275378995
128,370.3916039021044
129,185.90988565286276
130,168.8154541546869
131,168.00583550623762
132,374.00000737815037
133,105.87120111368789
134,262.7108889080562
135,61.18714289676255
136,131.65373684438993
137,246.60410694739736
138,220.0939685530961
139,247.8457996798582
140,56.64706751717091
141,147.6121597286546
142,135.02644701574127
143,206.85911632551012
144,203.747623561633
145,141.94894278424252
146,229.6087412472919
147,171.94343682788084
148,291.05820175497183
149,279.9564751883763
150,268.88275018877874
151,167.49578521024995
152,165.85826354183308
153,139.4046682200799
154,273.3473080125664
155,66.03489054125625
156,350.01376685477413
157,264.50039172957213
158,186.80658799415366
159,144.73577420422555
160,273.9217287470086
161,91.9500069425086
162,257.2024119535109
163,159.13553798292145
164,248.83779533552547
165,197.7128121017604
166,125.56569321021644
167,313.9217810866803
168,310.1433621031985
169,213.750235178783
170,172.6177857393558
171,299.44461957896556
172,150.94232797690233
173,280.1897874087381
174,312.1249553225201
175,170.85761320017093
176,180.71904424767928
177,-18.694114782722238
178,89.1066430820361
179,219.0517417499064
180,125.54973777976298
181,109.16419167896765
182,186.05114742154177
183,282.50182222911894
184,333.42499982517313
185,39.803507120967254
186,167.70651971030645
187,249.04062500594353
188,181.27407668083936
189,121.7685079829868
190,253.8298788557933
191,166.0725723496125
192,216.0191797806931
193,244.0641765703228
194,113.8883920301881
195,3.7849632168424705
196,298.5825143034594
197,50.42295284711959
198,176.69609049290855
199,254.52205034706554
200,-34.1174426852227
201,304.46488100249445
202,131.1946170650163
203,149.3072723381229
204,249.04062500594353
205,80.88100743989446
206,147.40696132993784
207,155.0302694137096
208,355.072204663041
209,264.0789861704134
210,298.53070523671227
211,208.4273687819406
212,164.88729771001493
213,133.3905857551743
214,355.9954885153386
215,206.29001339891053
216,35.13822641156476
217,120.06650332611429
218,191.39995277413277
219,244.78070537119842
220,93.22504230249075
221,240.07634032747683
222,72.43699594268575
223,243.31722405440843
224,307.23132000119267
225,96.29594993860829
226,60.23049302720254
227,181.06801141551028
228,135.23409630913832
229,229.22033951826913
230,300.8560279928896
231,223.94127597104148
232,218.26605914829702
233,-12.699771237693142
234,97.95563528619893
235,232.63812066174745
236,182.0322026386341
237,168.26222015344206
238,-14.986927084654099
239,101.53131169826354
240,142.4340264754928
241,63.296587682184736
242,205.1341991453606
243,346.8276662068563
244,413.5626583797383
245,247.84196047640188
246,221.770737801564
247,214.60891216517422
248,119.73513293052308
249,277.9224919527255
250,147.07289579383146
251,289.07021515296145
252,187.48298107190095
253,263.2044492947269
254,322.38466888667756
255,220.47692866232285
256,114.77843868217886
257,209.98806542764197
258,213.55693608727233
259,275.95356085724666
260,290.9484874254524
261,100.94468258445431
262,121.28916396294426
263,169.08143544082031
264,10.364010533490017
265,135.3669925826766
266,298.4240169648557
267,79.44446027090348
268,84.20869570810561
269,115.49338477198742
270,325.0584491782836
271,196.85582949730872
272,114.26837914000305
273,139.90395831374616
274,216.36537193435728
275,267.68615751380105
276,126.1179793122583
277,190.5766555479384
278,149.56015654144252
279,199.52578408980244
280,306.7677289294029
281,281.0508399129369
282,84.18049085105017
283,41.59807142011506
284,204.88733094501563
285,389.4402075513254
286,134.2688275868057
287,117.91444721949432
288,345.9369452166585
289,119.22485175532495
290,196.2311174248307
291,84.75100452916942
292,164.03749712045737
293,224.2007343311856
294,278.7695835980835
295,227.9481150661004
296,289.71520327401873
297,79.30145146596635
298,218.0381509133254
299,137.82442554375848
300,155.25401112010863
301,236.88689045629476
302,230.40743781144846
303,249.14255626340633
304,317.3070824125879
305,280.87475787976985
306,247.19325513099722
307,264.4618387175109
308,309.5699455401609
309,19.998538558948084
310,120.67534209364842
311,33.83366341633142
312,235.81805408607002
313,97.1160314119333
314,104.64542418717576
315,357.30099805131755
316,250.22561892423937
317,96.3393459518846
318,134.47968100625644
319,287.3802772517916
320,101.01259974147881
321,409.9294902486063
322,163.89213975150707
323,154.6973412064741
324,419.0493341282752
325,89.0334864930391
326,160.91333025438593
327,42.06514198156846
328,267.11353175983766
329,162.51495255316115
330,163.41008828748025
331,275.12258460897135
332,238.2779903013199
333,272.1615208752768
334,451.1689748586359
335,157.77322418573698
336,169.62085371904223
337,306.8528481634097
338,161.25069648866625
339,221.02984560680966
340,151.25101366871237
341,163.87126974995033
342,211.09699987202248
343,143.96436993046834
344,224.50528298965475
345,206.50545985780462
346,333.1411243893542
347,133.7387286209888
348,110.13968682946444
349,204.20187915863914
350,203.48524425341625
351,95.14932114410736
352,154.06064420081987
353,288.8181995922679
354,55.552231917089216
355,171.0438049729946
356,262.48853190938144
357,138.3685895358144
358,137.84653965632523
359,198.77255824594565
360,123.33312939261742
361,296.14202658000505
362,341.5716975282338
363,219.40878617751596
364,278.9627036182939
365,24.540307278962487
366,182.69282789871008
367,113.17600757189238
368,217.86086768398462
369,161.89314090892222
370,163.01631510505436
371,350.0772001947006
372,233.97171465565737
373,197.95699797663724
374,269.25602933084656
375,54.827817542470356
376,181.64129765544325
377,159.54218700756616
378,191.39995277413277
379,81.77768643005152
380,214.71944064339647
381,192.54820981988877
382,135.21429851862294
383,428.87429365141605
384,125.43710647188473
385,198.27043032447335
386,189.17982026666317
387,-21.646559781066713
388,277.7319159584338
389,244.9693525497532
390,216.4454889052261
391,153.17310817529957
392,257.40626138785086
393,316.1850052277831
394,-16.98295011397505
395,-29.95851620650305
396,72.01703706819532
397,288.34763862687953
398,206.63134977492
399,268.4664014781388
400,172.00258869857464
401,3.1544957065582366
402,318.9114112555885
403,238.72523795806813
404,361.8067499360661
405,167.77225282361718
406,137.70696325162416
407,166.38857277939533
408,319.1066858526482
409,152.82570510873686
410,231.10888852404037
411,195.94546470463416
412,385.3709884486911
413,308.81178219544756
414,201.1113628562141
415,239.8426117109505
416,154.00108703901512
417,285.3716704090008
418,100.70977393323082
419,65.61299616084455
420,41.45264108421179
421,159.59521561345167
422,166.78158983843034
423,230.02088809681226
424,326.99751603321715
425,232.78938294530377
426,135.8045467756368
427,212.61607703403092
428,112.5072829203725
429,71.80606827609935
430,325.14901918776775
431,257.75847483120447
432,304.021662159651
433,190.47955940395985
434,234.96698666696045
435,59.62813432910477
436,102.1076335175317
437,234.70911964168957
438,235.76619400950054
439,182.47644440200506
440,124.60570541795198
441,36.421716316520616
442,213.44990448552875
443,205.0498656630469
444,144.56982550064856
445,216.33121128293845
446,304.3474187103601
447,214.9395092685713
448,364.3575456168999
449,112.26610052895329
450,227.454992813104
451,57.796556695585295
452,89.66951171216392
453,273.08091042959313
454,195.11007729260146
455,34.373707203524006
456,111.95439219230937
457,104.25754280496848
458,316.5142911752905
459,151.26750357802925
460,182.1949164279655
461,182.40955798434496
462,151.96545822632558
463,183.74398880048756
464,287.9237085282957
465,124.65566295592552
466,338.4437438836909
467,79.85591407621084
468,210.7836616501819
469,154.06064420081987
470,391.3439020738049
471,197.7781410593123
472,182.10087440762373
473,266.25703057005546
474,186.59335207520746
475,333.187656580505
476,228.4480953316941
477,145.36253185813848
478,142.73125348905782
479,24.042247259571
480,91.89137753371912
481,302.37370802628226
482,134.16768243658402
483,147.87026743090166
484,134.69826793115672
485,219.50144062357873
486,107.53415607642971
487,287.89874537499475
488,235.66168653091677
489,135.77163707149649
490,279.73487927421047
491,52.519811632257515
492,119.99286538316511
493,148.35894241945698
494,281.4147505964228
495,131.17765436726992
496,203.46506169162353
497,331.5152390331856
498,157.79909596928445
499,373.6994650160861
500,177.42290153287254
501,279.2883231864545
502,150.13135010503314
503,210.92273471574742
504,126.41748983272426
505,92.5717569810716
506,218.85700031470935
507,356.95551739344535
508,210.5837646113574
509,305.64888910737074
510,406.32902050835264
511,136.76057916700444
512,179.54749499160854
513,183.65475074989013
514,369.6927604936561
515,257.9107102031427
516,193.3945928062705
517,200.1151942923408
518,40.495270164522964
519,121.31967629817056
520,157.53024922375863
521,119.34733937041545
522,83.00031655573338
523,106.36770337814029
524,99.35072501298279
525,227.454992813104
526,228.74088514435502
527,-47.09189739976489
528,298.23692959561157
529,163.53834159942005
530,49.3972824090486
531,257.1228694210731
532,274.7780632682844
533,67.85688196897092
534,23.415185207917148
535,175.5543594304227
536,86.01295724472165
537,185.767126051817
538,346.8890002292803
539,127.82068338724652
540,203.318565990893
541,55.46049462818823
542,205.5685765783149
543,322.33669045786405
544,233.1392478246441
545,200.42983410163902
546,219.50144062357873
547,317.31877965272014
548,60.39320681653395
549,307.878281375941
550,288.04764779397806
551,265.6643239043009
552,109.62922416154134
553,172.98342227363852
554,270.06597675818216
555,95.24682814572203
556,289.49256759690877
557,90.5097636696054
558,93.31034708034144
559,155.76100316323124
560,66.01667929620542
561,151.8187019218192
562,481.97158131475095
563,74.26410681935221
564,86.63865971740762
565,151.53500555730056
566,150.46521360147875
567,158.71468882114934
568,290.79563480993215
569,119.22485175532495
570,263.1329277195795
571,75.75144013456273
572,143.91604781621987
573,186.43695756625976
574,353.30276042654236
575,91.78858009030952
576,241.72954486826046
577,137.2323659483249
578,356.740477985203
579,170.05537129115058
580,92.96504550527456
581,332.34356231970685
582,-23.975617863353108
583,197.05658001450988
584,85.36370990639315
585,78.29450884320795
586,239.13484757933088
587,74.31149772914898
588,166.41272254941694
589,177.67502114354173
590,-41.303231506273534
591,337.38520829685615
592,178.11539870714267
593,121.93740097426509
594,348.69639195237437
595,314.9586965931785
596,17.687391083556648
597,118.5181616714777
598,222.20997629888763
599,151.87174182826453
600,276.0400761357426
601,336.7942654883255
602,384.33037327422755
603,372.7947067305603
604,227.8576760265846
605,213.0739568316228
606,141.24392017384733
607,143.4899759172266
608,48.198366663382586
609,191.7442002397321
610,206.82497660380022
611,56.54386513819847
612,226.0639779133835
613,232.7364698680933
614,237.13618008828132
615,281.8456846801172
616,334.60058030506843
617,128.33104527279158
618,154.03964352061047
619,273.05873471135044
620,191.12099861129448
621,189.9452247653217
622,307.31465272493074
623,203.63805938575473
624,176.0489606100492
625,329.84789520146995
626,89.66951171216392
627,428.19593993753836
628,161.58723308373845
629,318.56998781918566
630,197.6024511042277
631,226.2986674589268
632,85.58435974668876
633,185.35969618231042
634,49.527056089008866
635,338.89126090046386
636,350.74260498667024
637,192.79715612198834
638,-22.287857304019752
639,386.0277529719385
640,394.5040579712224
641,88.46568277197437
642,-15.579829526405746
643,179.11750178012238
644,120.9260865328323
645,255.26611238085525
646,132.29659827788504
647,146.1530454440039
648,-28.05566455723138
649,122.88021434231739
650,374.6413049011034
651,193.63405885616558
652,137.80572090568654
653,141.10039954900998
654,43.39383140719474
655,329.70053367034063
656,206.8733377495194
657,247.57371628795914
658,71.80606827609935
659,219.68191338936504
660,305.6389248864932
661,87.26868480588573
662,300.26335556676327
663,356.2344982667544
664,332.5798072102695
665,253.3489944065953
666,107.18879717613939
667,370.787794269709
668,386.6750311086141
669,375.56779041282977
670,214.71944064339647
671,169.3368742332478
672,18.433917149317466
673,198.27043032447335
674,209.63556886301265
675,274.82690788304456
676,358.6983691699136
677,43.945836787934866
678,179.60093704187443
679,178.6888526570988
680,76.51754762019576
681,359.95722330338987
682,189.08806308956989
683,221.06606203320933
684,265.44697909274424
685,326.9483301429416
686,103.49539979252725
687,384.19001632881054
688,329.1639576742705
689,146.66988841184016
690,386.5882730380532
691,154.96528173167306
692,192.3782672794059
693,110.22135914535268
694,94.13878856039136
695,212.57145098508732
696,186.71180376464042
697,234.0567722839882
698,99.30081462114208
699,-13.010520257151796
700,277.10912307254347
701,134.90577554017216
702,118.17822162599609
703,88.53524940001381
704,198.16696604876492
705,366.0407361815877
706,240.51716872237677
707,190.6866211783402
708,211.87016833806658
709,268.58147231942036
710,204.84299761029195
711,249.50541212121317
712,24.55065192181472
713,280.95775006536326
714,174.79464074068997
715,61.669567831506924
716,186.06750275822975
717,283.7348212049052
718,224.97579841485518
719,221.770737801564
720,123.2009965527904
721,137.21977884580673
722,423.66073313637656
723,211.84305511896736
724,151.9571102094575
725,110.85876583985869
726,289.6374528696002
727,210.27843370933672
728,151.15678302273358
729,271.15099965283775
730,202.7668873346675
731,276.64011950654606
732,76.29053279050393
733,80.51530177592986
734,60.89921767872242
735,313.8556184635013
736,290.0770392685789
737,78.5752459474561
738,290.84851680411987
739,296.81682426840734
740,397.07554799514173
741,180.29645818085294
742,201.53250438726283
743,149.7441363205482
744,328.67720622975776
745,362.500794880578
746,127.82068338724652
747,372.43013556110486
748,281.45048225604125
749,68.72463402193219
750,266.34877187482084
751,292.62807357201734
752,152.8786295472243
753,293.7311756564915
754,59.565120698847224
755,211.3598231357677
756,75.31254049468252
757,104.3013292966424
758,133.46878699089177
759,257.59311364664416
760,115.03027517157227
761,189.51033483467538
762,122.94957919172501
763,111.56172945317033
764,189.92940390749715
765,247.14492061395504
766,60.81874108937346
767,392.9085234834355
768,158.62617785886135
769,276.03644063459706
770,82.04536716701074
771,359.7753608482358
772,179.4981395984648
773,279.1709338612731
774,138.30246625703475
775,106.46327207039843
776,203.42728992020452
777,253.84939236609367
778,84.75100452916942
779,288.8683132741662
780,121.93740097426509
781,143.35213633876475
782,351.3446596478784
783,169.82368338946026
784,48.87576150261488
785,349.8061196157487
786,193.26916734090383
787,314.429868692166
788,103.49944347585071
789,142.4135738122927
790,341.41680925525867
791,223.40450179900012
792,174.46346852106993
793,109.99185763612485
794,282.8693725008866
795,120.5679954328132
796,309.67063194924305
797,300.97817433246473
798,238.5088170744446
799,145.01373240033067
800,252.84931983648255
801,233.19907958080933
802,195.34941875110061
803,205.80142335565975
804,342.72349067266543
805,96.1682105009403
806,229.24242676754847
807,271.71503775447377
808,109.15893067569922
809,187.21139467568355
810,141.12103579456118
811,155.11571076185558
812,223.06070431301464
813,352.09065328914744
814,306.5710774580224
815,365.18125913993424
816,90.5097636696054
817,308.7718607137783
818,315.95718509472164
819,178.05675725928432
820,40.32218751358201
821,292.62807357201734
822,195.11486824247746
823,118.9714695500614
824,276.09254468554997
825,310.0947177794983
826,273.5637106139424
827,115.87388090594825
828,302.3904987644812
829,-39.732575035756895
830,10.600084201875944
831,188.70845330584137
832,153.90927532844069
833,174.1870434087076
834,173.20900961479063
835,-13.818496042628055
836,49.812140027806535
837,181.83229354923554
838,248.75295286767317
839,205.58785045315588
840,167.49578521024995
841,95.04535422918966
842,41.59807142011506
843,102.73670788701179
844,244.36492852634046
845,87.26868480588573
846,345.6705496880568
847,217.42160126375902
848,98.34794618663354
849,140.59644344894738
850,112.93262175227792
851,326.1988194690606
852,124.9405401918367
853,252.7320186132113
854,313.5393267732684
855,61.0301331986045
856,331.63810430780075
857,227.2993123725974
858,315.36613782396216
859,174.2111202117763
860,165.27739382097724
861,77.73164021308008
862,364.0941875072381
863,50.43806758495117
864,191.7442002397321
865,132.0258199429778
866,174.68970394539792
867,209.4055042159136
868,215.27987576420645
869,170.1765421838262
870,258.6650405000027
871,58.30599790126038
872,7.182570364050747
873,165.30150114669922
874,254.16762217495693
875,124.97465735743917
876,211.98688519892664
877,319.68365193001
878,165.65947336593146
879,169.7662415539406
880,-12.758400646482613
881,321.4320138955402
882,253.08122300658204
883,169.1345121595429
884,378.0613868208753
885,208.865085179116
886,124.02553521453649
887,356.4776738146236
888,173.8897033838641
889,394.92422109192
890,202.88282896746574
891,-25.250299365805148
892,327.340461972076
893,173.7842851739026
894,384.03758346156656
895,251.1415551059912
896,121.7685079829868
897,194.38477699150872
898,265.54891035020705
899,129.62999565538567
900,196.54169873426622
901,256.82581011753126
902,42.2079025855235
903,99.12071951488034
904,130.8801380447706
905,175.23683584087715
906,282.6520721880012
907,229.94680026475623
908,86.82830765453807
909,106.55142441711558
910,253.51860948951912
911,65.08484072415331
912,224.41728348354218
913,183.59682404826472
914,388.106820260302
915,149.4582104145611
916,298.5825143034594
917,179.89150349954036
918,238.51733175981906
919,287.460650541366
920,138.64008886013323
921,48.3628520935641
922,294.62570716709695
923,286.56980391111534
924,103.05328885412345
925,183.81835835675463
926,100.96283650428171
927,-15.391632137633195
928,113.96886861953709
929,162.8181347963939
930,220.59422988559407
931,70.38452964126812
932,249.92623016135525
933,245.41739101557562
934,306.4543814613741
935,264.1966006705605
936,304.27887500284817
937,283.10955413373017
938,98.70106749481002
939,287.9662161550659
940,36.198838741696775
941,141.8985849739318
942,371.77417708340334
943,60.87327292822202
944,311.10170290326164
945,138.91568924603698
946,163.53834159942005
947,22.670851974498092
948,263.276234163675
949,209.1047522598959
950,142.2275452384413
951,291.4741576711299
952,239.0425824763136
953,114.74170187035628
954,260.7109198295489
955,72.33830706676927
956,199.75047657190478
957,305.8487468198937
958,114.31253513555427
959,236.50097682197054
960,245.18548784547613
961,271.38592782098556
962,120.07962490749593
963,153.0818004931577
964,164.76716650806108
965,293.0440294881754
966,147.76772949304592
967,207.18341917125576
968,231.3338216831188
969,297.5533014628169
970,15.180793161908213
971,109.21352270506117
972,82.33839765664774
973,185.61093762868117
974,128.7857418378338
975,356.13256700929156
976,150.71632433891028
977,194.19390043387355
978,60.96089506964084
979,91.55660054042812
980,304.01213057783434
981,2.69124300659891
982,218.5809524496184
983,53.01793325732494
984,126.7572812121365
985,270.89733777773483
986,225.00612944119527
987,287.041303990796
988,221.09535604558135
989,277.3093305693992
990,99.26060672914873
991,236.0901374779691
992,136.40097200614494
993,257.29849777048173
994,326.5660404436645
995,144.86441023307106
996,66.34206237619696
997,136.9941575691724
998,152.22395527161805
999,239.8426117109505
1000,106.31914399974474
1001,210.0166100149852
1002,296.7907118078838
1003,159.7712637111366
1004,251.70834850004826
1005,69.45388575423856
1006,358.76004867592076
1007,242.58240830936552
1008,274.1888746380512
1009,211.77239972976673
1010,188.55913113858176
1011,197.26860531538838
1012,169.62085371904223
1013,241.83485932307713
1014,118.49814681970815
1015,184.50965167222324
1016,224.34924317187105
1017,214.35580966835747
1018,67.8366230273963
1019,100.651588491475
1020,244.96275359953006
1021,298.98502900882886
1022,208.21681764514193
1023,139.7213507071282
1024,184.4936941989034
1025,320.5849561856644
1026,182.63702840788605
1027,347.67379612510933
1028,193.54545588297083
1029,256.09192216411105
1030,189.3115446587737
1031,130.5729471051589
1032,202.40315572248184
1033,257.17701117950554
1034,138.4693851965341
1035,142.80846087313097
1036,190.37153388985476
1037,132.17624897316026
1038,190.18849955327278
1039,206.32115433899583
1040,153.52520269925887
1041,219.6194108983422
1042,270.60789829057205
1043,275.17605067073936
1044,258.02284811799984
1045,231.4027391864657
1046,90.5097636696054
1047,89.60111314047003
1048,145.1835688364663
1049,115.47853338466174
1050,281.33679003768134
1051,362.3690033769836
1052,104.97005394816222
1053,272.26913794166535
1054,122.93269993936268
1055,219.68466627186655
1056,16.78362930708218
1057,91.19176247757287
1058,331.55359175418687
1059,60.494323925293926
1060,33.8947037216261
1061,214.97754834564347
1062,130.30086371325982
1063,177.5035848637154
1064,167.68223961718024
1065,284.0431600546747
1066,223.74266486644004
1067,63.33349226474772
1068,105.871380184988
1069,357.9160584650983
1070,227.52949694199998
1071,282.2909263653685
1072,74.67159055114074
1073,201.62223929382284
1074,193.07557444750586
1075,181.63104398198112
1076,204.17756167859434
1077,139.22754613132778
1078,200.97163387644707
1079,295.45313450164963
1080,99.12976417621962
1081,285.41262373226834
1082,177.0825237366776
1083,359.7077209208444
1084,349.0682363716526
1085,386.18901517139545
1086,171.27190445895485
1087,0.1747923919040204
1088,316.5834401094253
1089,354.5626951922461
1090,295.3499289660716
1091,170.60915226788796
1092,328.12873024581586
1093,170.48462899534255
1094,106.55142441711558
1095,127.15630045618981
1096,297.93403376270294
1097,155.8295808062253
1098,294.654499543169
1099,137.81200621198067
1100,153.64010077313614
1101,244.78070537119842
1102,384.7358425076038
1103,266.1194693636929
1104,208.84248618234568
1105,60.10770417097673
1106,173.40009644417114
1107,229.83198559095604
1108,357.888016451467
1109,118.18157400586587
1110,140.8482799383408
1111,156.50251060791317
1112,402.3539900878705
1113,331.0904530684153
1114,83.90301906627835
1115,263.31081681090177
1116,418.4503883742064
1117,210.10509489091442
1118,382.4380962834334
1119,-24.68743073567731
1120,128.57787302650328
1121,187.46230238205007
1122,205.89313803174815
1123,346.8258010551789
1124,135.14840565777632
1125,230.0688291387071
1126,102.21305172749321
1127,276.66419425524305
1128,173.03701901405918
1129,328.57848078967896
1130,230.41405141199698
1131,41.35239790479258
1132,264.3696160587933
1133,359.65318057317836
1134,123.15332252171785
1135,255.5919418985173
1136,161.5951467020049
1137,172.47551100441586
1138,428.8318589915988
1139,171.99697585660184
1140,144.60063582656926
1141,251.70641689256897
1142,159.3936718772567
1143,223.15856139027787
1144,313.707337706272
1145,338.80779154972527
1146,68.91844425267759
1147,150.60971614575934
1148,64.7021298007202
1149,135.1187871400831
1150,106.19124377302414
1151,216.2253466960237
1152,137.41441417665658
1153,87.18566498870595
1154,204.01983093030748
1155,152.41065541290558
1156,86.99681100794005
1157,315.32756388219184
1158,240.7945025216907
1159,172.6177857393558
1160,309.30896366470597
1161,212.78234684883773
1162,151.79001565009438
1163,108.16592228310472
1164,218.37876342312825
1165,230.96239282330993
1166,147.5282819301995
1167,50.962201223227154
1168,387.46812872449163
1169,62.68615262285739
1170,101.0575394343515
1171,231.62478254121143
1172,186.1678666923215
1173,71.9728810726441
1174,41.51172138501744
1175,163.87126974995033
1176,266.8295522740432
1177,286.7627582756743
1178,93.33633779478828
1179,266.50904613074897
1180,225.98662045467108
1181,232.96647881763215
1182,241.66330515386812
1183,23.65744048816964
1184,107.49166409138901
1185,-14.01752344406944
1186,61.980316850965565
1187,229.4784472205161
1188,180.4623308215886
1189,408.61895474280743
1190,432.7936557408741
1191,166.30651112046164
1192,211.76965785299424
1193,55.15624482803699
1194,313.2000925800512
1195,124.82206515126992
1196,275.85011428914447
1197,169.23467177615564
1198,204.91139576973262
1199,130.68812484887562
1200,286.58520037315793
1201,237.61612444238747
1202,217.86086768398462
1203,135.27002608401077
1204,301.14438177617205
1205,225.1547791441336
1206,165.95863945427655
1207,278.01561232295245
1208,196.6159833452287
1209,-11.909307279152017
1210,193.71114877461451
1211,140.17222384415118
1212,61.663954989534076
1213,197.8165202765477
1214,125.43585792458028
1215,147.6121597286546
1216,117.52856410782334
1217,291.7404186271027
1218,220.08358627583794
1219,202.91182769037866
1220,209.72401714605257
1221,-2.2735506331891884
1222,291.39396773330816
1223,43.09957229705296
1224,380.90309023489044
1225,309.15440245130856
1226,265.6529713911203
1227,145.01373240033067
1228,267.4142837158554
1229,248.99796877382113
1230,233.42868731180687
1231,146.80655475915293
1232,71.80606827609935
1233,-9.339718340058624
1234,101.83556072148612
1235,137.82529172970524
1236,-30.632539561194534
1237,258.11834813526275
1238,422.056892819798
1239,187.04201099261942
1240,-21.0111401441128
1241,284.7892153016196
1242,151.30248440223636
1243,157.46222657946157
1244,229.83198559095604
1245,281.13484168816734
1246,170.5016717717946
1247,63.195149817743
1248,162.51495255316115
1249,189.17982026666317
1250,257.1040302103723
1251,91.77171638515766
1252,246.40682751036695
1253,355.36340619810966
1254,355.0498179923876
1255,64.86645949923023
1256,199.18523852286714
1257,178.05910582329756
1258,328.9394708921453
1259,103.03418275002282
1260,266.3928477916664
1261,102.09558943535887
1262,271.12995982616906
1263,238.5907133725575
1264,151.1500947359236
1265,131.48589156703784
1266,111.48545728608488
1267,367.7707633351672
1268,171.94384527559734
1269,174.00421922644855
1270,28.460315336507563
1271,198.1815908631096
1272,121.1233189537949
1273,131.1423425166449
1274,267.7674673951313
1275,147.14145009719684
1276,190.3250597962383
1277,220.30176439747368
1278,318.37106307065517
1279,165.15959920468495
1280,220.30176439747368
1281,218.36992201323912
1282,227.04576796311864
1283,285.11000668127843
1284,266.35691308947776
1285,389.9479822502527
1286,273.8695369633558
1287,70.3723178490721
1288,153.78857668124868
1289,233.08129349143235
1290,216.8847284054591
1291,84.90236135097456
1292,123.00393979029903
1293,119.44006678343115
1294,225.89037140347338
1295,309.38844744392736
1296,104.11946013961088
1297,212.13128509029636
1298,124.45403153938884
1299,287.6656008260487
1300,169.1345121595429
1301,158.3266673383954
1302,355.72310248523934
1303,241.3575658763534
1304,200.28051193437943
1305,66.41571094305246
1306,371.27381020692764
1307,231.21951112825826
1308,174.95503369691912
1309,385.45512721797525
1310,54.92394876893661
1311,200.08981444804442
1312,164.95524496593424
1313,174.10487941910694
1314,198.7315142481189
1315,-9.152345734449852
1316,155.0421258590596
1317,209.1047522598959
1318,90.51428446136876
1319,380.89768624950034
1320,204.52162528105103
1321,160.7846867769772
1322,156.31591038737304
1323,37.53949217079024
1324,200.96856432302226
1325,212.7142625988647
1326,351.1626114195468
1327,305.57725674176305
1328,204.4981123205598
1329,332.83502689701675
1330,58.837369503074186
1331,298.2321500070126
1332,96.85889153568905
1333,116.93352541007754
1334,269.1256065261937
1335,323.1002723058501
1336,99.73761358506246
1337,187.29245883416172
1338,249.12416526926341
1339,90.21396161723796
1340,247.83996731995194
1341,344.2967878365336
1342,264.76049341039777
1343,193.41281834956297
1344,417.6912572034903
1345,196.09656169959217
1346,298.4075694998385
1347,165.29026164479717
1348,178.65863909638296
1349,23.035244072653356
1350,90.09767942051806
1351,195.70398390575775
1352,213.90787525251068
1353,88.71817763224854
1354,128.3095586668619
1355,211.83756303166712
1356,261.49878177066114
1357,192.2522286962211
1358,-36.126520123724134
1359,196.05074529619102
1360,298.1094373074634
1361,122.0937954832128
1362,312.90004397806115
1363,191.44138640983576
1364,159.63100025250614
1365,-20.553500056792757
1366,162.81553559119232
1367,24.770914885689706
1368,159.23088512097232
1369,208.1626600143816
1370,242.17124334308338
1371,379.52642553705635
1372,351.0865519456314
1373,217.4818699328609
1374,325.2066447420932
1375,220.40369565493648
1376,99.9457637107286
1377,318.0071520201161
1378,195.015909945819
1379,104.97766076871375
1380,128.41542325377665
1381,100.36428976320504
1382,150.56900489653262
1383,216.58521788499314
1384,210.9058094049196
1385,273.2829078495466
1386,58.299517870431444
1387,286.74293112144477
1388,36.421716316520616
1389,213.41292693601284
1390,233.60801071366538
1391,77.56162470564429
1392,129.38309006812207
1393,179.4447465036497
1394,193.58925373592174
1395,147.88141459965306
1396,240.35283902386675
1397,9.17063650244853
1398,263.97903853316154
1399,269.9518052402417
1400,190.14150604352776
1401,191.05860017024727
1402,-41.55783074143122
1403,178.6706067987739
1404,301.73627366158246
1405,240.7296705713257
1406,97.90269314010524
1407,101.16850888060989
1408,72.43699594268575
1409,208.7974586673733
1410,127.50888810763162
1411,201.34257897238422
1412,97.69914349313052
1413,253.07629686700253
1414,143.48876529915893
1415,222.49792415185019
1416,11.34331298229182
1417,338.0915091435752
1418,177.96934185935942
1419,10.600084201875944
1420,150.46521360147875
1421,115.20204666662356
1422,315.82924748108246
1423,199.6640133061406
1424,94.59170292139439
1425,182.5018843867022
1426,218.84756024763178
1427,282.5379291383424
1428,195.92864345528716
1429,240.58425231309872
1430,80.84765382542574
1431,220.70636780045123
1432,355.11207980643434
1433,92.12308524129784
1434,109.72373091330634
1435,147.02062393147295
1436,9.222835397854112
1437,101.07598716757136
1438,196.9305013969451
1439,74.94325764619994
1440,192.82126344771027
1441,116.14285471004253
1442,195.90432597524241
1443,194.13018732478304
1444,54.035220935188875
1445,106.249121726454
1446,164.41019820400996
1447,251.55243834806225
1448,109.81177715567622
1449,260.52336669886995
1450,166.3426625283564
1451,308.9475771650972
1452,271.9791590030161
1453,289.0898632358907
1454,127.99954030457145
1455,235.44599014885836
1456,132.22028750308726
1457,422.6295185737614
1458,128.1571980859054
1459,239.0065518230914
1460,244.67516640656436
1461,227.454992813104
1462,321.76665394489
1463,170.48798137521237
1464,211.6666310938856
1465,228.83942012387843
1466,268.094528590579
1467,250.55056944090757
1468,198.8900115867226
1469,142.05845752262817
1470,132.5250484309681
1471,314.6858950036101
1472,210.4925758486097
1473,340.14100182382015
1474,116.70818380328264
1475,83.1421959235424
1476,283.9966129941053
1477,297.62171139578777
1478,196.4843438984228
1479,19.830679463639697
1480,141.36461280845907
1481,82.48013188863884
1482,232.05181375738997
1483,159.12401636265298
1484,222.34140291939707
1485,384.6183802154695
1486,159.72938405001634
1487,146.63284214489562
1488,387.3705837428685
1489,205.5685765783149
1490,190.3128811414366
1491,133.5149397117518
1492,171.23827253310404
1493,433.53622403532034
1494,153.6964240622121
1495,101.76506288899503
1496,108.52307322731478
1497,-29.731392395668934
1498,83.98910849760018
1499,201.74194294338923
1500,18.85855656310717
1501,80.63575373356548
1502,224.9551365534819
1503,366.74588054956484
1504,105.23008266203499
1505,258.35311064775897
1506,112.86525855243374
1507,306.4725601861053
1508,157.2004037072388
1509,229.0248646301495
1510,42.31726159223766
1511,195.5378111477337
1512,142.82780771492497
1513,201.65116623101864
1514,65.90088981471472
1515,74.67159055114074
1516,271.19152186655197
1517,53.24139711892252
1518,151.56701409849524
1519,326.22541334425364
1520,97.627952751241
1521,-21.270989786685362
1522,196.70580891484275
1523,155.3140811894809
1524,219.92621108633855
1525,217.59204515721615
1526,244.90678134130175
1527,202.42621321918872
1528,205.2837003839204
1529,163.44844100848147
1530,253.24483377005208
1531,163.62788749919466
1532,103.62940051906881
1533,104.15929278199926
1534,332.7987098334704
1535,271.98223786334626
1536,307.06242900758076
1537,263.8771072756988
1538,220.4587320068801
1539,68.95825067864222
1540,78.38044290658311
1541,130.5041302003513
1542,237.38267549570065
1543,89.46357239322388
1544,206.0598778999473
1545,39.958961474105905
1546,223.84826543675
1547,206.70117542290035
1548,203.71248002406662
1549,227.3530615556412
1550,109.16437075026782
1551,250.44942934806699
1552,243.81015928765657
1553,135.34249597061446
1554,35.83313307773217
1555,-7.3910122506721905
1556,282.48353528495164
1557,305.81194628730634
1558,216.3907503248837
1559,374.6034314796828
1560,127.00572974162576
1561,217.28712849766384
1562,174.49924713603906
1563,103.25887523212516
1564,310.7338674558466
1565,183.96676232533574
1566,302.12121316600815
1567,149.02059300998022
1568,217.83139859406697
1569,100.23331367916374
1570,245.12484194060804
1571,292.3699658697703
1572,290.8539619360696
1573,193.39174949424316
1574,-40.62599216937912
1575,294.654499543169
1576,199.93413400753778
1577,108.81612993337554
1578,145.37059675373072
1579,268.58054452779766
1580,85.09380385633051
1581,86.42126466145204
1582,348.810428897686
1583,336.4937231262612
1584,267.5730908044118
1585,104.94772108308551
1586,178.39675891044186
1587,356.0466761275868
1588,129.2524725389344
1589,384.03758346156656
1590,254.53588940971713
1591,376.22604726685086
1592,198.87622287821134
1593,170.77583053041118
1594,44.460824584779004
1595,135.47749342931255
1596,84.62137598502709
1597,63.8762938010407
1598,163.61084115388383
1599,183.51774097336585
1600,77.73164021308008
1601,251.1415551059912
1602,120.6313035637214
1603,250.6953856291172
1604,274.3836890402012
1605,207.64227170168147
1606,111.76857493172
1607,396.86731433933363
1608,353.1502977932767
1609,143.53539518516405
1610,77.27215758689525
1611,134.8532759073421
1612,166.02269940540754
1613,109.72373091330634
1614,126.63006179616663
1615,301.8131879601677
1616,54.644517706491825
1617,67.8366230273963
1618,22.884994113771057
1619,210.76709877391204
1620,298.95064149839015
1621,175.2138138634874
1622,129.21159218261982
1623,-20.004136957195186
1624,171.0438049729946
1625,190.89376284064411
1626,299.985850939428
1627,104.11946013961088
1628,319.1066858526482
1629,181.2492048191722
1630,212.57936460335375
1631,132.89329027172803
1632,-24.223434785029838
1633,179.37637913240098
1634,38.08755551820846
1635,251.97228856220158
1636,102.32405485652558
1637,90.61111085948795
1638,292.53905358558336
1639,100.41979142572272
1640,187.1864222876995
1641,188.32381849398746
1642,-2.2735506331891884
1643,368.16767263781173
1644,300.9858844375684
1645,122.69093701061455
1646,208.83063951443776
1647,152.99238337126013
1648,11.86569984533871
1649,196.94368101514382
1650,165.04506954414416
1651,301.8667124143008
1652,244.13868069921875
1653,259.0992388616568
1654,112.05845123555626
1655,41.85639718652557
1656,257.75847483120447
1657,134.59661979496968
1658,212.23849370896852
1659,64.47026913162563
1660,359.41928424662893
1661,149.45949634878417
1662,106.46159884750153
1663,87.71351955790774
1664,123.32327746499445
1665,334.4226296080702
1666,121.06332964092013
1667,-41.55783074143122
1668,401.86148130477596
1669,292.69436419996885
1670,127.86454284587334
1671,136.40097200614494
1672,214.77034002028256
1673,282.7354778786923
1674,267.9024560652015
1675,125.66882200516135
1676,190.18849955327278
1677,211.21247503179222
1678,109.01471336778329
1679,16.37488928459524
1680,307.2212160353166
1681,287.1776532813508
1682,175.98224196312944
1683,167.13724669176085
1684,224.19787193150796
1685,171.99690288964882
1686,34.54634588743134
1687,53.20382699300886
1688,116.26345321865868
1689,148.50585341411815
1690,196.24218821380026
1691,331.56373680590525
1692,271.8178968035593
1693,331.5380720807923
1694,219.01860724111788
1695,165.11945291836756
1696,177.02794575460555
1697,139.65592064189303
1698,205.90335461312256
1699,170.92312334411184
1700,283.7348212049052
1701,222.97490395464484
1702,304.2947157874725
1703,159.38873437640015
1704,225.54919075913534
1705,76.30250190805745
1706,233.7239792664562
1707,149.64488984523285
1708,173.2865103908757
1709,262.48708031950684
1710,-65.95447945682224
1711,261.30524200217434
1712,-8.1937376287336
1713,146.794270000004
1714,189.12031169066597
1715,191.74474326007746
1716,344.6136704003287
1717,300.9598780813921
1718,139.5305277319645
1719,95.28367112260906
1720,259.35818222719735
1721,307.3337397850777
1722,309.6588399053233
1723,-4.699512782380793
1724,322.7393757257162
1725,172.15951057463303
1726,185.02873066557686
1727,282.6520721880012
1728,20.4407252688775
1729,137.5659114265799
1730,333.05681753571747
1731,154.77483986747035
1732,260.6037796060616
1733,240.87532001290919
1734,135.65515743617613
1735,206.135127180307
1736,355.73637664168695
1737,75.42799790823864
1738,166.8106229521957
1739,104.95511842069928
1740,210.21723280577163
1741,65.32895221691464
1742,343.4065500240613
1743,165.11931834573866
1744,314.38192729472314
1745,131.92195707803575
1746,198.7321131284126
1747,164.14993380982503
1748,253.43930133016153
1749,257.4945347690511
1750,202.32073797531945
1751,173.1168085273689
1752,141.3856578572748
1753,117.86253510568093
1754,416.3937816849023
1755,207.12782868823865
1756,107.38982130288953
1757,315.3750609570531
1758,218.53649417141514
1759,298.5184204775634
1760,90.15900497273199
1761,191.7531209629034
1762,179.27585556674302
1763,325.4692116871329
1764,32.713891927481825
1765,40.81134356125875
1766,179.54193745141572
1767,311.713233920244
1768,124.27212129651504
1769,181.63104398198112
1770,115.20515625442837
1771,193.4565495394568
1772,245.00498461374175
1773,247.45160246870358
1774,352.2545511888071
1775,335.098248983748
1776,300.46161982932415
1777,99.76006391576345
1778,349.5680047233826
1779,92.58168187564755
1780,156.12922589932018
1781,256.65310271619524
1782,309.3738175722015
1783,139.94660256751683
1784,215.08748289302264
1785,262.17793259750886
1786,115.56571667313325
1787,126.04964240695755
1788,164.44451860296476
1789,279.4871133623561
1790,167.6825914558847
1791,219.3439652025933
1792,70.21737347622906
1793,82.72998570001334
1794,147.98861148999495
1795,60.34014920248238
1796,221.002850265588
1797,163.42879292555216
1798,150.48519287321392
1799,299.7185467690747
1800,288.05617835168044
1801,240.05573010756726
1802,324.8481611274028
1803,341.77547194124924
1804,266.05413829105214
1805,232.72053840890985
1806,139.71613828966738
1807,295.2957970661221
1808,251.06705097709522
1809,190.89376284064411
1810,84.75100452916942
1811,209.3190151538414
1812,160.83321328351713
1813,321.18575314101156
1814,198.78044741084435
1815,142.18413467416426
1816,282.361150322772
1817,174.4507023472516
1818,171.85875861861535
1819,218.8327159720588
1820,-0.8152292119842457
1821,110.0876946369454
1822,318.0071520201161
1823,139.7213507071282
1824,193.88418531038477
1825,123.3167846191185
1826,200.62856267186473
1827,266.3131429674378
1828,193.71114877461451
1829,266.4871568228304
1830,323.1882541467898
1831,140.4707517078032
1832,160.82948059666126
1833,189.42582228106144
1834,236.0817859915669
1835,160.29429969887605
1836,221.22329365922053
1837,177.45215416457143
1838,-36.126520123724134
1839,300.9398102501865
1840,90.89540369438063
1841,143.92698503546987
1842,223.79629658385963
1843,173.1757600502975
1844,289.0795559799571
1845,39.7825260877471
1846,78.35135804562461
1847,218.74081711058392
1848,365.2175762034806
1849,165.43589115958096
1850,98.51411969485866
1851,17.26023569987656
1852,157.2004037072388
1853,295.12236757314054
1854,317.9024559018002
1855,120.12638579727114
1856,128.0424315249423
1857,53.231327088528644
1858,87.27800652821035
1859,40.93760189171057
1860,262.28992080477997
1861,386.6750311086141
1862,131.75086764024994
1863,86.65432773462761
1864,256.47497294789684
1865,116.74421774555316
1866,192.81484356878727
1867,112.10880759209701
1868,119.86105604574995
1869,298.35952126067775
1870,320.6713072622788
1871,116.35357150249277
1872,219.09117976253458
1873,164.38667037410022
1874,306.5942569921216
1875,256.2107900936786
1876,332.8746347347569
1877,193.3229927799489
1878,279.3498968829453
1879,192.7875512783879
1880,71.34951512490245
1881,119.9164177251434
1882,131.8855339101422
1883,44.88394868792939
1884,160.83321328351713
1885,58.537832353931236
1886,85.68243069835779
1887,-14.580392074197277
1888,109.72373091330634
1889,276.8768847439243
1890,213.45072465831703
1891,245.75734906349433
1892,185.55991772645612
1893,248.31998107215225
1894,334.5756784018953
1895,209.105533500538
1896,198.48747219205916
1897,170.14747825257672
1898,163.61476591781303
1899,141.94742747360314
1900,80.30999759510966
1901,117.77864806103764
1902,276.06083108159476
1903,157.05937565595787
1904,229.08687372815126
1905,353.54087531890843
1906,333.10414683983834
1907,204.24267111821274
1908,249.1969168619803
1909,312.58161252369257
1910,233.88247660505994
1911,219.39602000369757
1912,332.8722111494192
1913,338.23070860734083
1914,157.4800719385181
1915,145.46613415791217
1916,130.22503435313146
1917,334.06427161465126
1918,149.539207389333
1919,256.77096543284154
1920,167.6371937592431
1921,185.93780204522244
1922,120.82498852874335
1923,344.1452827609123
1924,359.83865414833275
1925,316.1976644991663
1926,340.2625216129079
1927,255.65634517953524
1928,218.90705684527734
1929,183.35416273021542
1930,125.82859149528629
1931,180.60949557381144
1932,285.11000668127843
1933,363.15148179182205
1934,216.84974758125196
1935,199.51493181585712
1936,108.75980158691851
1937,211.9181042658751
1938,302.45386744145077
1939,256.811593750903
1940,325.3075165263714
1941,105.01936586958475
1942,275.38826120253304
1943,139.7174104411886
1944,151.79001565009438
1945,89.91186215992869
1946,221.63862276866783
1947,54.254013147813026
1948,96.4644111425414
1949,193.751788453953
1950,175.97465712374924
1951,243.7460654617605
1952,232.1334244676022
1953,194.38588485734087
1954,94.98415819222348
1955,52.35080029622631
1956,44.262198649366354
1957,104.11946013961088
1958,116.47886993087768
1959,93.46672945971324
1960,198.4470447821323
1961,186.80658799415366
1962,158.76191196020574
1963,131.31210598582754
1964,58.795878450502315
1965,132.33553506646655
1966,184.19367459357426
1967,305.4772563544087
1968,126.7313970257953
1969,-40.166742874757745
1970,86.01295724472165
1971,274.9641212058499
1972,398.6454198121872
1973,108.54783473511037
1974,-10.742911894580857
1975,376.6735632321614
1976,-28.074043573022607
1977,132.5250484309681
1978,121.14940806318462
1979,157.94650139848335
1980,-10.742911894580857
1981,146.60771154309808
1982,105.45459566058389
1983,250.23117016053624
1984,122.70749988688442
1985,273.4900312296028
1986,170.8485821231281
1987,61.18714289676255
1988,280.01694202194426
1989,35.87111054912842
1990,153.20496805042487
1991,275.3098531646044
1992,17.26023569987656
1993,89.62206973182757
1994,141.73608422999018
1995,76.24146236818623
1996,209.98806542764197
1997,209.99199019157123
1998,80.47722872476808
1999,85.93639726603249
2000,158.35150016859183
2001,264.48013496858357
2002,94.67865958017968
2003,243.32848507090108
2004,272.92633785491864
2005,300.15238612050484
2006,137.87545523224398
2007,313.9507985472111
2008,226.18920945961813
2009,139.64585061149913
2010,261.9580310652825
2011,-24.223434785029838
2012,216.12755686796407
2013,201.78933385318598
2014,68.75748645096161
2015,310.7338674558466
2016,195.25914709936413
2017,172.4468424402973
2018,222.89970825675658
2019,104.2186336479733
2020,310.58688177492394
2021,257.47881796120214
2022,154.85126389103252
2023,61.33841818609207
2024,143.84684362273845
2025,243.06869785613316
2026,213.92235351587485
2027,277.46583475155296
2028,75.24007202324142
2029,202.64118251293772
2030,226.89170788613626
2031,165.04538660090213
2032,249.82293571075883
2033,-0.8152292119842457
2034,117.87433345349656
2035,126.78677693073112
2036,239.74273520410839
2037,72.19378030373134
2038,159.59224710699294
2039,179.38127618662415
2040,141.74678071154682
2041,271.3957730467313
2042,186.38226508958286
2043,131.35828943416226
2044,189.32389102359863
2045,28.184503959585683
2046,140.09388907732153
2047,-10.89121114131288
2048,158.64270170366044
2049,418.7084960764534
2050,299.623299479362
2051,179.04526953131167
2052,243.81181628267746
2053,290.92179085874113
2054,142.34975459885493
2055,95.95836981841688
2056,303.7183549367336
2057,289.65207768394487
2058,86.62548009920887
2059,329.66131476339274
2060,89.1066430820361
2061,120.8950970748942
2062,131.97235388120978
2063,249.9305527771474
2064,293.3102904441482
2065,190.13449504292754
2066,236.09420532334474
2067,89.1066430820361
2068,197.53038650873495
2069,192.10117170038873
2070,161.53752784955668
2071,72.87789243793968
2072,132.32907960750921
2073,395.55541464899693
2074,111.00790893581808
2075,60.4623571477335
2076,154.9235766308021
2077,152.67069713255154
2078,269.3012168731653
2079,322.74480949638894
2080,169.7662415539406
2081,143.85691365313232
2082,35.30824191900058
2083,168.26377549846146
2084,104.88852331665564
2085,290.22318812726894
2086,279.9177670598119
2087,97.01431926015073
2088,165.5779801213434
2089,251.9579065399218
2090,262.41441712353094
2091,242.8020482349067
2092,233.41587152523087
2093,198.1154953152409
2094,231.38500929536713
2095,98.9992407730275
2096,186.98504632224493
2097,292.01923480448323
2098,277.5021518150993
2099,111.16219485896538
2100,282.8155261321324
2101,349.63195850944925
2102,165.31367980150094
2103,188.21796247259545
2104,53.10513059308634
2105,267.91339328445144
2106,116.2922278871245
2107,343.62998337451074
2108,201.75394458126237
2109,256.2481410531949
2110,193.086940041272
2111,134.69826793115672
2112,209.49612300452142
2113,270.24802498651377
2114,175.71884486060426
2115,126.41748983272426
2116,84.90236135097456
2117,181.98184322237861
2118,175.0625777963548
2119,225.89037140347338
2120,189.6957023054825
2121,151.42893143313762
2122,96.22668417805828
2123,338.71316851908415
2124,58.871455468231545
2125,280.17570766911035
2126,307.60263850713017
2127,202.80202284902947
2128,176.3217005939416
2129,232.65248010982202
2130,90.5247106366966
2131,143.0185522173278
2132,86.90341453192691
2133,116.41038435950755
2134,156.60358252564333
2135,177.56294483436048
2136,198.04950375663063
2137,106.60141634143193
2138,166.3027420882039
2139,349.0714384433346
2140,132.84497362468014
2141,171.78051939294383
2142,189.86657709193372
2143,315.0060875029752
2144,236.255018705642
2145,269.2834253763907
2146,286.7636905216426
2147,-4.587962386540255
2148,227.8278995966338
2149,96.29594993860829
2150,320.5889319594161
2151,82.24029703711861
2152,313.86125264743646
2153,103.48810167708348
2154,146.14104586050232
2155,257.75847483120447
2156,259.3514645766732
2157,41.769569305617324
2158,116.4334687260945
2159,378.0414695103641
2160,244.0641765703228
2161,280.39142527092866
2162,286.11784312156993
2163,107.2511956171866
2164,-6.5159741328411656
2165,240.97810609504177
2166,130.64228583266186
2167,89.66951171216392
2168,197.15058200047162
2169,254.71504860969412
2170,59.24201399189407
2171,334.9238513092157
2172,107.56194463664525
2173,143.7848345247367
2174,193.58925373592174
2175,128.57787302650328
2176,236.6901054151948
2177,124.92563061166408
